id,created_at,favorite_count,retweet_count,text
1309566226348163074,2020-09-25 18:51:33,0,0,CBF divulga relat√≥rio de testagem de Covid-19 da S√©rie C e Remo √© um dos clubes sem casos registrados https://t.co/VdmfYL5DyQ via @remo100porcento https://t.co/f6N06Txztm
1309566221927567362,2020-09-25 18:51:32,0,0,"Putos com covid na minha escola , altamente"
1309566209592102914,2020-09-25 18:51:29,0,0,O teste do covid √© uma porcaria
1309566203447345153,2020-09-25 18:51:28,0,0,Doze unidades da Aten√ß√£o B√°sica que atendiam casos suspeitos de covid-19 retomam funcionamento¬†normal https://t.co/ksGxZKMIWV
1309566191783022592,2020-09-25 18:51:25,0,0,N√£o deveria ter jogo com time com surto de Covid-19. Pune com W.O o time que n√£o seguiu os protocolos e segue o baile.
1309566116935630848,2020-09-25 18:51:07,0,0,"Concelho de Viana com 45 casos ativos, 18 mortos e 271 recuperados https://t.co/o4il49UF79 #Covid-19 #EmDestaque #Sa√∫de"
1309566096425455616,2020-09-25 18:51:02,0,0,COVID-19 | MP garante participa√ß√£o do Brasil em programa de vacina√ß√£o global https://t.co/7eiuIpeXAK
1309566093548290051,2020-09-25 18:51:01,0,0,S√£o Paulo registra 964.921 casos confirmados de covid-19 e 34.877 √≥bitos https://t.co/yQ65ajCB9C #brasil
1309566077102444544,2020-09-25 18:50:57,0,0,"Resulta que hoje havia um ato de in√≠cio de curso co Fakejoo presente e tudo, polo que estava todo o campus fechado, e s√≥ se podia ir com reserva (because covid...)"
1309566052070719488,2020-09-25 18:50:52,0,0,@UlyssesMarcos @The_Face_of_Rio √â uma boa pergunta. Os estudos mostram que ela √© t√£o eficaz contra a covid quanto √© com c√°lculo renal.
1309566022140207104,2020-09-25 18:50:44,0,0,"Covid-19: Passo Fundo confirma mais um √≥bito nesta sexta-feira #EuViNaPlanalto #Coronav√≠rus #PassoFundo
https://t.co/fzl7cImsH5 https://t.co/BbhqAl05W8"
1309566021058072576,2020-09-25 18:50:44,0,0,"@marcofeliciano Pq pra votar voc√™ vai ,vota e volta pra casa e pra comprar voc√™ passa horas entrando √©s saindo do lugares podendo se infectar ou transmitir o covid.  
S√≥ negacionista e imbecil n√£o sabe disso ."
1309566013084766209,2020-09-25 18:50:42,0,0,"@analise_covid19 @Covid_19DC Obrigado, pessoal. Vamos aumentar nossa rede de pesquisadores. #FollowBackFridayCient√≠fico"
1309566011486670851,2020-09-25 18:50:42,0,0,Qual desses times est√° tendo surto de Covid-19? ü§î https://t.co/VH6uuvr71X
1309566005971214336,2020-09-25 18:50:41,0,0,"algu√©m me explica?
crian√ßa ir para a escola n√£o pode por causa da covid, mas deixar elas soltas correndo sem m√°scara pra l√° e pra c√° na rua infernizando os outros pode?"
1309566001562955776,2020-09-25 18:50:39,0,0,"O S√≥crates n√£o apanhou covid-19.
Foi o amigo."
1309565989407907842,2020-09-25 18:50:37,0,0,"@seanskrr @dimedeiros9 @isaacloria22 Realmente, a sua fonte √© mais precisa pq compara dados do mesmo per√≠odo de tempo de cada ano, o gr√°fico que eu vi compara o per√≠odo de agora com 12 meses dos outros anos e isso eu deixei claro, eu s√≥ disse q culpar os militares pelas queimadas √© como culpar os m√©dicos pelo covid."
1309565978829893632,2020-09-25 18:50:34,0,0,"@samydana Eu vi sobre os riscos da covid hoje no p√¢nico, onde eu posso ter essas imagens para compartilhar? Obrigado."
1309565960785887239,2020-09-25 18:50:30,0,0,"eu: nossa, n√£o sei com eu peguei COVID.

Eu no escrit√≥rio: GENTE, ALGU√âM TEM UMA MASCARA PARA ME EMPRESTAR HOJE??? ESQUECI A MINHA üó£Ô∏èüó£Ô∏èüó£Ô∏èüó£Ô∏è"
1309565934038913030,2020-09-25 18:50:23,0,0,"@samuelvenancio O Z√© Eduardo tava jogando, ent√£o est√° em forma. O cara j√° t√° no Bid, o exame de Covid e r√°pido. Pq o cara tem que estrear quarta  feira, pq essa demora.@SergioSRoficial que incompet√™ncia, essa lentid√£o no Cruzeiro continua"
1309565917366546443,2020-09-25 18:50:19,0,0,"@wayvines tb, com tanta faca q ele passa no rosto kkkk n tinha como... meu bbzinho taeyong maior e melhor q esse velho q fica inventando q ta com covid como se fosse piada pave pacume, q odioooo"
1309565889772163072,2020-09-25 18:50:13,0,0,"o flamengo teve surto de covid, esses outros n√£o 

pr√≥ximo https://t.co/avxkD957nn"
1309565887129755649,2020-09-25 18:50:12,0,0,√â um pouco t√©cnico demais para a maioria das pessoas mas vale a pena fazer um esfor√ßo para entender. O fato √© que s√≥ agora estamos descobrindo mais a respeito do covid-19. O verdadeiro esp√≠rito cient√≠fico √© humilde. https://t.co/VnZtIvZPak
1309565883434643459,2020-09-25 18:50:11,0,0,"@RiickEstrela @CaioBBMP Eu acho que n√£o, ele j√° fez os testes de covid etc?"
1309565882432094217,2020-09-25 18:50:11,0,0,"Kuando Kubango torna-se na vig√©sima s√©tima prov√≠ncia (de Angola) a registar casos de Covid.

Esse √© colega do #ogvuino 
Epah desisto üòÇü§£üòÇüòÇüòÇüòÇ https://t.co/hXt2spqThP"
1309565876153102342,2020-09-25 18:50:10,0,0,"Garganta e cabe√ßa doendo e agora o nariz come√ßou a escorrer, pelas minhas contas √© a sexta vez que eu toco Covid."
1309565866275676162,2020-09-25 18:50:07,0,0,OMS destaca que √Åfrica conseguiu evitar propaga√ß√£o exponencial da covid-19 https://t.co/JwxXQvvM3S
1309565861318012928,2020-09-25 18:50:06,2,0,A @folha informa aqui que a m√©dia m√≥vel em SP caiu ao menor patamar desde maio - https://t.co/6o94KZpSNr
1309565859350720512,2020-09-25 18:50:06,0,0,"Era s√≥ a vacina do covid, uns 500 mil na minha conta e tava tudo certin, o resto eu corria atr√°s"
1309565847644631045,2020-09-25 18:50:03,1,0,"eu realmente fico pasma com o fato de passarem pano para o pato sabendo que ele mostrou apoio ao presidente no auge da pandemia e e logo ap√≥s ele ter soltado um ""e da√≠"" sobre as v√≠timas do covid. Tem que ser muito idiota e burro pra apoiar aquele jogadorzinho meia boca"
1309565842854641667,2020-09-25 18:50:02,0,0,@padremanzotti Corrigir os n√≠veis de Vit.D cura muitas doen√ßas e imperiosamente surra o COVID. Sistema imune funciona corretamente mas precisamos da gra√ßa e s√≥ a temos qdo estamos conectados com Deus.
1309565816841662466,2020-09-25 18:49:55,0,0,"@argelinajolie_ @dasfernandess O teste do covid n√£o d√≥i, √© s√≥ desconfort√°vel ü§îüòÇ"
1309565812005654532,2020-09-25 18:49:54,0,0,@ChevLorraine @PedroAGuerr Eu n√£o acho nada. Tenho um racioc√≠nio simples. Sars-Cov-2 √© v√≠rus. Covid-19 a doen√ßa que resulta da infe√ß√£o por esse v√≠rus. Consegues demonstrar de forma igualmente simples que isto n√£o √© assim? Que h√° uma verdade alternativa?
1309565782624473088,2020-09-25 18:49:47,1,0,"@al_antdp Desde que come√ßou a pandemia que volta e meia dizem este tipo de tretas. Uma das que me lembro logo no in√≠cio, era que o covid se alojava nos test√≠culos üòÇ"
1309565763607498754,2020-09-25 18:49:43,0,0,Tomara que nesse exame da minha m√£e n√£o der positivo do covidüò©üòîüôè
1309565752756842496,2020-09-25 18:49:40,0,0,"@rmedeirosrenata T√° explicado o surto! Seja de Covid ou falta de intelig√™ncia, s√≥ chamar o Presidente..."
1309565725166592000,2020-09-25 18:49:34,0,0,"Agora: Toda Sexta, debate de I√ßara, Covid e Tigre na pauta https://t.co/hTc4JfJ6dR https://t.co/dXKRSlqgf2"
1309565723891687427,2020-09-25 18:49:33,1,0,E minha amiga que perguntou pra professora hoje o que ia acontecer caso um dos alunos pegasse covid em est√°gio e a professora disse que n√£o sabia *porque ela n√£o tinha pensado nessa possibilidade*
1309565707588448256,2020-09-25 18:49:29,0,0,fui tomar sorvete com a Bruna ser√° se o covid vem!
1309565692841267201,2020-09-25 18:49:26,0,0,doida por uma praia mas ai quando tem gente pra ir nao vou por causa do covid CORONA TE ODEIO
1309565690618281984,2020-09-25 18:49:25,0,0,"Vizinha nova no andar e vamos na 2a semana de ‚ÄúOpen House‚Äù, detalhe: 2o dia de falta de √°gua no Errejota por manuten√ß√£o no Guandu. √â um assombro! Amanh√£ ningu√©m entra na lixeira que vai estar entupida de garrafas de cerveja. A vida √© uma festa! O COVID √© pros fracos! üòë"
1309565689997545473,2020-09-25 18:49:25,0,0,"os malucos tinham rec√©m sa√≠do de campo, tavam jogando tudo junto e n√£o tem nenhum com covid üëçüèº https://t.co/gCb5ZXwTS9"
1309565681931870208,2020-09-25 18:49:23,0,0,"üó£üìã FALA, PROFESSOR! ‚Å£
‚Å£
Recuperado da COVID-19, o nosso t√©cnico Maurinho fala sobre os trabalhos da semana e expectativa para o jogo de amanh√£! üí™ü¶Å #FalaProfessor

‚ñ∂ D√™ o play e confira no v√≠deo! ‚Å£
‚Å£‚Å£
#TVLe√£oDaSerra ‚Å£‚Å£
#AmorPeloLe√£o https://t.co/DtHwyHzZJ6"
1309565675988553732,2020-09-25 18:49:22,0,0,Belo dia pra quem est√° com covid
1309565668942131200,2020-09-25 18:49:20,0,0,minha cidade empestada de covid nem em minha sombra confio mais https://t.co/2xeeB7RA8l
1309565662994534401,2020-09-25 18:49:19,0,0,doida pra fazer uma resenha nesse ap ai covid para cara
1309565648322940928,2020-09-25 18:49:15,0,0,"@DCM_online Isso √© loucura, j√° est√° comprovado cientificamente que nos casos de COVID-19 esse rem√©dio √© um veneno."
1309565646984937472,2020-09-25 18:49:15,1,1,"140 mil brasileiros mortos por covid-19 e tem gente que ainda brinca e menospreza o v√≠rus: 
https://t.co/AUfZx66KLe"
1309565637170262021,2020-09-25 18:49:13,1,0,"hoje no gin√°sio uma cota meteu-se na passadeira literalmente ao lado da minha e eu fiquei bu√© ????????? 

conclus√£o: √© estranho p mim pessoas q nao conhe√ßo estarem ao p√© de mim kkkk 

covid wins"
1309565634917924868,2020-09-25 18:49:12,1,0,"ja deu hein covid, t√° chat√£o mano"
1309565630069301248,2020-09-25 18:49:11,0,0,"@FoxSportsBrasil todos teem q  jogar!
DIREITOS IGUAIS PARA OS 20 CLUBES!
todos sabem q  teri√£o q jogar com times alternativos em  casos   d covid 19
TODOS  os jogadores se recuperam 100% antes de 14 dias
parem de tumultuar o futebol! ‚öΩüí™üèøüëäüèæüëäüèæ"
1309565623559749634,2020-09-25 18:49:09,0,0,SP fecha √∫ltimo hospital de campanha para tratamento de covid-19 https://t.co/0KRqAvPDod
1309565612650356738,2020-09-25 18:49:07,0,0,N√≠vel de desespero: mandei print do meu exame de covid pra minha m√£e de santo üòÇ
1309565603452194819,2020-09-25 18:49:05,0,0,"SEGUNDO MANDETTA, BOLSONARO IGNOROU IMPACTOS DO COVID DE FORMA CONSCIENTE
O ex-ministro da Sa√∫de, Luiz Henrique Mandetta, disse que alertou o presidente Jair Bolsonaro sobre a possibilidade do Brasil atingir o n√∫mero de 180 mil √≥bitos causados pela Covid-19, https://t.co/1P65lSKhyT"
1309565596745564162,2020-09-25 18:49:03,0,0,"O que me faz seguir em frente √© que quem t√° tomando cloroquina enlouquecidamente, al√©m de covid, ainda vai ter problema no f√≠gado por causa do excesso de medicamento. GRANDE DIA"
1309565575048429568,2020-09-25 18:48:58,0,0,"@marcelosalest @andressa_geise @ALLuSapore @DCM_online E est√° bem claro ele incentivando a arrumar um jeito de entrar na ala dos pacientes com COVID-19 para gravar v√≠deos.
https://t.co/DeWkl7TEtP"
1309565526822322176,2020-09-25 18:48:46,0,0,"Pandemia custou 2.521,7 milh√µes ao Estado at√© agosto https://t.co/MITnpcRIeS #Covid-19 #Economia"
1309565516835622920,2020-09-25 18:48:44,0,0,"@betoderoberto_ o militante n√£o tem tempo para descanso. KKKKKK sdd bebeto, pode vir me ver que eu to covid negativa"
1309565514767892482,2020-09-25 18:48:43,0,0,Covid-19. A situa√ß√£o ao minuto do novo coronav√≠rus no pa√≠s e no mundo https://t.co/Adj7N7Sh9Q
1309565514465894401,2020-09-25 18:48:43,1,0,"@RafaelRRetamero @Cauanzin915 @ESPNBrasil Seu time vai pedir o adiamento na libertadores? No jogo do meio de semana.

Ou s√≥ tem risco de pegar covid aqui no Brasil?

Ngm t√° preocupado com sa√∫de, t√£o preocupado com grana."
1309565495545401345,2020-09-25 18:48:39,0,0,"ontem na entrevista minha temperatura mediu 37.4 e se fosse 37.6 seria preocupante 

veremos hoje no mercado o resultado do meu teste do covid üôèüèª"
1309565484455677955,2020-09-25 18:48:36,0,0,"Percebo o quanto sou insegura quando duvido de coisas que tenho 100% de certeza. Quando tive os sintomas do covid eu tinha certeza que n√£o podia ser outra coisa, primeiro exame deu negativo e eu fiquei com medo de acharem que sou mentirosa, depois deu positivos e ok. Agora estou"
1309565476222185479,2020-09-25 18:48:34,0,0,Mortes por Covid-19 em S√£o Paulo caem e chegam ao √≠ndice mais baixo desde maio https://t.co/KLlUmmWcBT
1309565421759205377,2020-09-25 18:48:21,1,0,p qm n sabe o corona se chama covid 19 pq o XANDAO ja destruiu ele 18 vezes
1309565385180618754,2020-09-25 18:48:13,0,0,As pessoas que voc√™s conhecem tamb√©m est√£o passeando e aglomerando como se Rodrigo Hipbert tivesse se arriscando a produzir vacina do Covid?
1309565380407496704,2020-09-25 18:48:11,0,0,"todos teem q  jogar!
DIREITOS IGUAIS PARA OS 20 CLUBES!
todos sabem q  teri√£o q jogar com times alternativos em  casos   d covid 19
TODOS  os jogadores se recuperam 100% antes de 14 dias
parem de tumultuar o futebol! ‚öΩüí™üèøüëäüèæüëäüèæ"
1309565379749072897,2020-09-25 18:48:11,0,0,"1¬∞ time que voltou a treinar: Internacional
O protocolo do Carioca foi muito bem executado, √© tanto que n√£o teve nenhum caso de covid no clube durante.
Quer culpar algu√©m? Culpe a Comenbol que obriga viagens longas e agora resultou nesse surto no clube! https://t.co/xoZzU54kMN"
1309565374753640448,2020-09-25 18:48:10,1,0,Absurdo a @CBF_Futebol n√£o adiar o jogo @Palmeiras X @Flamengo o time tem 16 jogadores testados positivamente com Covid 19.... O STJD.... decidir√°. Rid√≠culo!!!!
1309565371058475009,2020-09-25 18:48:09,0,0,@crfduu Amiga Matheusinho tbm esta com covid
1309565350766415873,2020-09-25 18:48:04,0,0,"@massuterapeuta @joandietrix Se ficasse assim seria bom, o medo √© ficar mal com todos os sintomas de covid mesmo HSHAHAH"
1309565332659601409,2020-09-25 18:48:00,0,0,Come√ßam a funcionar centrais regionais que v√£o ampliar testes para Covid-19 no RS - https://t.co/x7t0b2KNNn
1309565321179791361,2020-09-25 18:47:57,0,0,MINISTRO ALEM√ÉO: O BLOQUEIO MATAR√Å MAIS DO QUE A COVID-19 https://t.co/ByHSV3e6T2 via @knalquestionese
1309565308399751168,2020-09-25 18:47:54,0,0,@crfduu Matheuzinho t√° com covid. Jo√£o Lucas que deve ser titular
1309565280146935808,2020-09-25 18:47:47,0,0,"@RadioBotafogo Testar? Pra Covid?
N√£o t√° meio tarde pra testes?"
1309565264225284096,2020-09-25 18:47:44,0,0,"@Matheus66795552 @villata_de @aleexeif @MagalhaesTales @PVC Meu amigo at√© pa√≠s superdesenvolvidos tiveram problemas com COVID o que dir√° Flamengo, protocolo n√£o evita de pegar a doen√ßa ele s√≥ minimiza os casos, enquanto n√£o for encontrado vacina vai continuar."
1309565259657752577,2020-09-25 18:47:43,0,0,"Me tirem uma d√∫vida: Quem t√° com covid pode beber algumas Brahmas hoje? Sozinho, √≥bvio.."
1309565255606054912,2020-09-25 18:47:42,0,0,COVID: coisas que eu vi no Governo! https://t.co/HxZEi3uLnw via @YouTube
1309565254100279296,2020-09-25 18:47:41,0,0,"resultado: sim, eu estou com covid kkkkkkkkk https://t.co/GlFiB3X5MU"
1309565251180998662,2020-09-25 18:47:41,0,0,"@arq_r_sanches @Savagefiction Querem distribuir √† popula√ß√£o o """"""""tratamento precoce"""""""" (kit covid-19) em UBS. Gastando ainda mais dinheiro com cloroquina e criando a ilus√£o de j√° termos um tratamento eficaz para a doen√ßa.
https://t.co/eUBZUDpPzg"
1309565247796244482,2020-09-25 18:47:40,0,0,"O relat√≥rio piorou tamb√©m a expectativa de receitas em R$ 9,7 bilh√µes, para R$ 1,446 trilh√£o, resultado da queda de arrecada√ß√£o com a covid."
1309565241433391105,2020-09-25 18:47:38,1,0,"Agora se protege, √© o que veremos na fase III! Muito interessant o trabalho, principalmente as respostas de c√©lulas T, e mais ainda porque essa vacina est√° sendo testada aqui no Brasil! 

https://t.co/NI5Au1GAvi"
1309565240074477573,2020-09-25 18:47:38,1,0,"O artigo conclui um perfil de seguran√ßa e imunogenicidade ap√≥s apenas uma √∫nica dose, adicionalmente elegendo o vetor Ad26.COV2.S em um n√≠vel de dose de 5x10 elevado na 10 particulas adenovirais (uma das doses testadas), como uma vacina potencial contra COVID-19"
1309565238841430016,2020-09-25 18:47:38,0,0,"@maurocezar @UOLEsporte @UOL 5. Por fim, acho que uma chamada mais honesta seria:
""Com tamanha regularidade ao longo do ano, Flamengo conquista mais um t√≠tulo da S√©rie A: clube com maior n√∫mero de infectados por COVID-19"""
1309565217614036992,2020-09-25 18:47:33,0,0,"Tem menina a√≠ que fica achando ruim que pq t√° com covid , kkkkk fica beijando menino sujo"
1309565215302914049,2020-09-25 18:47:32,13,5,"O ouvido d√≥i toda vez que algu√©m diz que ""a Covid fez o Brasil descobrir 38 milh√µes de invis√≠veis"". Invis√≠veis para quem, cara p√°lida? Anos de pesquisas, mat√©rias e reportagens feitas em todo o pa√≠s mostrando/analisando nossa pobreza renitente. Invis√≠vel s√≥ para quem n√£o quis ver"
1309565208189374464,2020-09-25 18:47:30,0,0,"Exerc√≠cio de l√≥gica:

&gt; Bolsonaro acreditava que o v√≠rus seria uma arma biol√≥gica chinesa;
&gt; Incentivou aglomera√ß√µes intencionalmente;
&gt; Tentou fechar Congresso e STF em abril;
&gt; Sabotou o combate √† COVID.

Diga-me que esse arrombado n√£o √© psicopata e nem despreza a vida humana?"
1309565187003998208,2020-09-25 18:47:25,0,0,Covid-19. A luta europeia contra a pandemia https://t.co/eUyoonusx2
1309565175817744396,2020-09-25 18:47:23,0,0,"@claracortez Tem um aplicativo do governo ""Dados do bem"" que aqui no Rio t√° funcionando bem pra fazer teste de covid de gra√ßa, voc√™ indica os sintomas e eles decidem se voc√™ deve testar e te agendam local e hora"
1309565167571800068,2020-09-25 18:47:21,0,0,Como assim j√° tamo em setembro e ainda n√£o vi nenhum post de tatuagens bizarras sobre covid?
1309565165290086401,2020-09-25 18:47:20,0,0,"@diogomainardi em Londrina-Pr a prefeitura n√£o segue a risca o protocolo do governo, ent√£o um grupo de m√©dicos montaram um consult√≥rio para atendendimento precoce a cov√≠d, usando  o protocolo do governo, com hidroxcloriquina e rem√©dios associados  e vem dando √≥timos resultados, tudo gratuito."
1309565154250633221,2020-09-25 18:47:17,1,0,"@crfduu Matheuzinho est√° com covid 19
Prefiro o Rodrigo Muniz deixa o Lincoln no banco mesmo"
1309565117990871044,2020-09-25 18:47:09,2,0,"Expectativa: lavar as m√£os para n√£o pegar/transmitir o v√≠rus covid

Realidade: carioca sem √°gua por tr√™s dias"
1309565107639328776,2020-09-25 18:47:06,1,0,"3/4 Os governos locais ainda podem limitar e regulamentar as empresas, mas n√£o poder√£o fechar empresas por causa das preocupa√ß√µes do COVID-19. Empresas privadas, incluindo Walt Disney World e Universal Studios Florida,"
1309565097002635265,2020-09-25 18:47:04,0,0,algu√©m me aceita/me arruma um cantinho em porto alegre enquanto fa√ßo teste de covid pra ir pra casa da minha av√≥????? pf n√£o aguento mais
1309565074462445576,2020-09-25 18:46:58,3,1,Reino Unido bate recorde de novos casos de Covid-19 pelo terceiro dia seguido https://t.co/cucf0mFJiV
1309565067558637568,2020-09-25 18:46:57,0,0,"@jorge_salema COVID-19, crise institucional, tens√£o entre governo central e autonomias, falta mais alguma coisa? Espanha sempre arranja maneira de autoinfligir-se. No caso concreto, um ministro devia ter mais decoro constitucional."
1309565064316440582,2020-09-25 18:46:56,0,0,gra√ßas a Deus n√£o to com covid
1309565037644845059,2020-09-25 18:46:50,2,0,"Flamengo realizou nesta sexta-feira no CT Ninho do Urubu exames da Covid-19 pela CBF. Na pr√≥xima segunda-feira, j√° est√£o agendados os exames da Conmebol visando o confronto contra o Independiente Del Valle. Protocolo sendo seguido. https://t.co/XBNlGTCBVT"
1309565032007700481,2020-09-25 18:46:48,0,0,@maths_oliveir99 feliz anivers√°rio!!!! tudo de bom e fora covid
1309565022704672768,2020-09-25 18:46:46,0,0,"aiai covid, to cada vez com mais raiva de vc"
1309564972964380672,2020-09-25 18:46:34,0,0,"@DCM_online Hummmmmm, o Carluxo ficou excitado!

""Olha a√≠ Globo lixo, teu funcion√°rio com um shortinho lindo, com essas pernas ma-ra-vi-lho-sas! Uma afronta a minha sauna, quer dizer, ao COVID!""
Carluxo Anti-gay. (eu juro!)"
1309564966031294464,2020-09-25 18:46:33,1,0,"P√≥s 2018: peguei covid, tive que fazer duas cirurugias, tive que trancar a faculdade, terminei um namoro, crise familiar, crise profissional, desfiz amizades e mais coisas que nao devo lembrar"
1309564960603856903,2020-09-25 18:46:31,0,0,"Tinha q ser ""n t√° com covid"" kkkkkkkkkk v√°rias cabe√ßa com a√≠ √© foda rindo p n chorar https://t.co/2jEk5pyrUy"
1309564952731058178,2020-09-25 18:46:29,0,0,E tb tem o fato de que essa exig√™ncia s√≥ aumenta a aglomera√ß√£o no posto de sa√∫de! A prefeitura simplesmente cansou de promover medidas anti COVID?
1309564936587182083,2020-09-25 18:46:26,0,0,"@benjaminback T√¥ pensando aqui e cheguei a conclus√£o que ""corajoso"" √© o Palmeiras que prefere enfrentar o COVID do que o time titular do FLAMENGO. SRN"
1309564920099491840,2020-09-25 18:46:22,0,0,"#tarderedonda Boa tarde, sou palmeirense, tbm acho q esse jogo n√£o deveria acontecer tbm, o q me deixa curioso eh pq qdo o Goi√°s estava com v√°rios jogadores com covid pq o srs n√£o fizeram esse barulho, apesar q sei q n√£o cai nem responder abra√ßos"
1309564916014223367,2020-09-25 18:46:21,0,1,Eu ligando pro meu irm√£o por chamada de v√≠deo porque ele ta com covid trancado dentro do quarto e um sarro KKKKLLKLK @gabriellporta
1309564874851340288,2020-09-25 18:46:11,0,0,"Covid-19: Guarda Municipal, Pol√≠cia Militar e Vigil√¢ncia Sanit√°ria explicam suas atua√ß√µes durante a pandemia em SJDR https://t.co/o5iPtU1hnL"
1309564871948861445,2020-09-25 18:46:10,0,0,Vov√≥ fez os dois testes de COVID disponibilizados pelo governo do MA e eles deram negativo
1309564869310582784,2020-09-25 18:46:10,0,0,So quero q o covid acabe para a minha m√£e me deixar fazer as cenas como antesüòû
1309564866332684290,2020-09-25 18:46:09,0,0,Mandetta diz que alertou Bolsonaro sobre poss√≠veis milhares de mortes por Covid; rea√ß√£o foi 'bem negacionista' | Pol√≠tica | G1 https://t.co/RAQLNipHDn
1309564850604044293,2020-09-25 18:46:05,0,0,"A ""estrat√©gia"" do desgoverno c/ o Dia D de Combate ao #coronavirus √© convencer pop, m√©dicos e governantes a adotarem tratamento precoce e uso do ""Kit Covid"" (hidroxicloroquina, cloroquina, azitromicina, ivermectina e zinco)

Mais um CRIME desse governo genocida! #ForaBolsonaro https://t.co/RdHg6a5wZi"
1309564806421254144,2020-09-25 18:45:55,1,0,Flamengo tem 16 jogadores com Covid-19 e tenta adiar partida contra o Palmeiras https://t.co/dQL4Ipv1gM
1309564764666957826,2020-09-25 18:45:45,0,0,"Hoje foi o dia q fiz uma coisa q eu nunca imaginei que iria fazer, desfiz amizade com a minha duo depois de descobrir que ela apoia o bolosauro e disse que a esquerda matou muita gente por mais de 1OO anos, ai eu me pergunto, oq o bolosauro ta fazendo sobre o covid nao eh matar ?"
1309564746002243584,2020-09-25 18:45:40,0,0,@crfduu Matheusinho covid üíî
1309564745264050176,2020-09-25 18:45:40,1,0,"a vacina pode da covid pode ser aplicada at√© no cu que eu nem ligo, pode aplicar https://t.co/nrvgcc7LTB"
1309564732588711937,2020-09-25 18:45:37,0,0,"um bolsominion resolveu reunir 10 amigos num jantar em casa quarta-feira, a√≠ quinta √† noite 4 pessoas (m√©dicos) testaram positivo p covid. agora o bolsominion t√° desesperado com medinho de t√° com covid tbm.. poxa bolsominion! toma cloroquina que passa!"
1309564728407187462,2020-09-25 18:45:36,0,0,"Meu exame de covid deu negativo, to mais tranquila agora pelos meus pais ü•∞"
1309564712972169216,2020-09-25 18:45:32,1,0,"Flamengo falou que tava tudo certo pra voltar, agora alguns jogadores est√£o com Covid, por√©m tem muitos que n√£o est√£o, tem que parar de chorar e ir jogar, sejam coerentes"
1309564683796578306,2020-09-25 18:45:25,3,0,Essa porcaria do Otamendi se for verdade √© para ser assobiado e insultado jogo sim jogo sim. Vale a pena acabar com o Covid s√≥ para podermos encher o est√°dio para o destratar
1309564681804226563,2020-09-25 18:45:25,0,0,se eu pegar covid eu processo minha prima
1309564679056916480,2020-09-25 18:45:24,0,0,"Rapaz, o efeito psicol√≥gico desse protocolo de atendimento de covid √© p√©ssimo. Tava com uns sintominhas e procurei a triagem pra fazer o teste de boas."
1309564669477163008,2020-09-25 18:45:22,0,0,Covid-19. Sobe para 16 n√∫mero de infetados em surto no hospital de Beja https://t.co/PNHCBORYMb
1309564661264719877,2020-09-25 18:45:20,3,0,"@paulonovais_12 @radioitatiaia Desde 2017 que essa empresa enfrenta o abismo da fal√™ncia, a m√° gest√£o da empresa acarretou nessa decis√£o. E at√© onde eu sei ela s√≥ segurou as pontas at√© esse ano por conta do governo Bolsonaro, s√≥ que com a crise mundial do Covid todos sofreram. V√° estudar a causa disso tudo üëçüèΩ"
1309564617132212226,2020-09-25 18:45:09,0,0,"A√≠ vc precisa ir ao m√©dico, e tem que ir sozinha, e ainda te colocam na √°rea do COVID, acho q vou chorar.... j√° chorando"
1309564614053703680,2020-09-25 18:45:09,0,0,Digam me que n√£o sou a √∫nica que quer muito abra√ßar os amigos mas tem medo de como eles v√£o reagir por causa disto do covid :/
1309564595988844544,2020-09-25 18:45:04,0,0,"Estou chocada! Brasil ter√° 'Dia D' contra covid-19 com distribui√ß√£o de cloroquina
https://t.co/7rOBoAkCij"
1309564595556749317,2020-09-25 18:45:04,0,0,@izfava Covid acabou com o nosso rol√™ no ibira pqp
1309564593862258690,2020-09-25 18:45:04,0,0,"A afirma√ß√£o √© do ex-ministro da Sa√∫de Luiz Henrique Mandetta, que lan√ßa nesta sexta-feira (25) livro em que relata bastidores da crise que levou √† sua sa√≠da do cargo, em abril. https://t.co/s5RAxBl0Dl

#HenriqueMandetta #livro #JairBolsonaro #presidente #covid19 #TribunaDoParan√°"
1309564565374500864,2020-09-25 18:44:57,0,0,Covid-19: China diz que OMS aprovou uso emergencial de vacina¬† - Not√≠cias - R7 Sa√∫de https://t.co/ur00pLzGmb #R7 via @portalr7
1309564561138253824,2020-09-25 18:44:56,0,0,@flaviogomes69 rapaz larga de ser hip√≥crita e se liga na realidade...o protocolo do Flamengo est√° sim muito bem elaborado por√©m foi o time sair do pa√≠s para que viessem os casos de covid-19 . Acho tu deveria ser menos invejoso e dar a opini√£o com a verdade a frente de sua magoa .
1309564551898243078,2020-09-25 18:44:54,1,0,"@HFormiguinhas Muitos desses papagaio falantes , n√£o lhes caber√° um feij√£o no cu se algu√©m do seu n√∫cleo Faniliar se infectar e/ou for internado com Covid/19 ...., e, sim, eu continuo com o Medo que tive desde o in√≠cio!!! Muito Medo !"
1309564548870017024,2020-09-25 18:44:53,0,0,Um em cada dez pacientes graves de covid-19 produz anticorpos que pioram a doen√ßa https://t.co/9BgYW61N6F via @elpais_brasil
1309564522651430922,2020-09-25 18:44:47,0,0,"Eu detesto hospital gente, e ainda esse clima de tens√£o por conta da covid"
1309564522584248321,2020-09-25 18:44:47,0,0,"outra vez ouvi ""JUNTOS contra o covid"" e j√° fiquei ü§°ü§°ü§°ü§° juntos n√£o! kkkkk separadora contra o covid"
1309564518390026241,2020-09-25 18:44:46,1,0,Imbituba t√° lotada de covid e eles abafando isso. ü§Æ
1309564513398603777,2020-09-25 18:44:45,0,0,@fedacache Ganhar do Flamengo &gt;&gt;&gt;  surto de covid no elenco
1309564475096338434,2020-09-25 18:44:36,0,0,Chega vacina do covid mas n chega o dia que a favela vence
1309564469639430144,2020-09-25 18:44:34,1,0,"Um teste de covid 300 reais, o pobre tem que morrer mesmo"
1309564468574248960,2020-09-25 18:44:34,13,8,"Vem a√≠ o Dia D da Cloroquina. 
O minist√©rio da Sa√∫de vai realizar um ‚ÄúDia D‚Äù de enfrentamento √† Covid-19 em 3 de outubro, abrindo Unidades B√°sicas de Sa√∫de (UBS) para passar orienta√ß√µes sobre o ‚Äútratamento precoce‚Äù e medicar pacientes. 

Via @polibioabraga https://t.co/oyHp7ZdUqW"
1309564458331713536,2020-09-25 18:44:32,0,0,"O m√©dico foi confrontado olho no olho pela mais profunda estupidez do presidente, que tentou impedir o ministro de dizer fatos que desconstru√≠ssem a tese da extrema-direita de que o ""v√≠rus chin√™s"" era pura fic√ß√£o.

https://t.co/n2XLhvmgou"
1309564456922476551,2020-09-25 18:44:31,10,1,"RODADA DE EXAMES

O Gr√™mio realizou nova bateria de testes PCR para a preven√ß√£o da COVID-19. Todos os 71 exames feitos deram resultados negativos e deixam atletas e comiss√£o t√©cnica aptos para o duelo contra o Galo. 

üì∏ Divulga√ß√£o / Gr√™mio

#Gr√™mio #Brasileirao2020 https://t.co/7tm313OyBH"
1309564448856772610,2020-09-25 18:44:29,0,0,Deus n√£o permita ser covid üôèüèª
1309564448785530880,2020-09-25 18:44:29,0,0,@CallLiberty1 Covid!? Avante!? Ou ju√≠zo?
1309564444498751488,2020-09-25 18:44:28,2,0,"O fim de uma era? A Duralex, que exporta cerca de 80% de tudo o que produz, perdeu 60% do faturamento da empresa com a queda das exporta√ß√µes provocadas pela pandemia da Covid-19 
https://t.co/xJVSYXOYzo"
1309564442238242816,2020-09-25 18:44:28,1,0,"Jogos do Brasileir√£o em todas as s√©ries que foram adiados por conta da Covid, casos de Covid e poss√≠vel escala√ß√£o do Flamengo. https://t.co/XohWZYA7CU"
1309564425079324677,2020-09-25 18:44:24,0,0,"@joaolucasamp Acho que teve pouco tempo nessa passagem. Quando come√ßou a mostrar servi√ßo, teve Covid. E na volta ficou no banco assistindo Mois√©s de titular. Normal mesmo sair do banco do Mois√©s para um time de s√©rie A. Acho que eu faria o mesmo."
1309564418271961089,2020-09-25 18:44:22,0,0,"q menina chata
ela nao vai pegar covid nunca eh????"
1309564408239136768,2020-09-25 18:44:20,92,24,"[TRAD] Depois do incr√≠vel discurso do @BTS_twt 75¬™ Assembleia da ONU, dando esperan√ßa aos que lutam durante a pandemia COVID-19, a base global de f√£s de #V ,#VUNION, ficou t√£o inspirada que doou para duas institui√ß√µes de caridade Save The Children! üíú

#KCAMexico #OnBTS #ARMY https://t.co/mIoS9RA1RS"
1309564399422709762,2020-09-25 18:44:18,3,0,MEU EXAME DE COVID DEU NEGATIVOOOOOOOOOO https://t.co/n7LcjSmqh0
1309564385119985664,2020-09-25 18:44:14,0,0,N√∫mero de infetados dispara em Valen√ßa. S√£o 73 casos ativos https://t.co/6nVGBiOFTM #Covid-19 #Sa√∫de #Valen√ßa
1309564383975165954,2020-09-25 18:44:14,1,0,A MINHA M√ÉE VENCEU O COVID-19 üò≠üôåüèæ‚ù§‚ú®‚ú®
1309564378509905921,2020-09-25 18:44:13,0,0,"De acordo com a √∫ltima contagem da AFP, at√© a manh√£ desta sexta-feira pelo menos 984.068 pessoas morreram de covid-19 no mundo.
https://t.co/J7xi1l6Wl2"
1309564374466662402,2020-09-25 18:44:12,1,0,"mais um parente meu faleceu de covid

eu to com tanta raiva
do presidente, de quem apoia ele, de quem ta fazendo rol√™

j√° era pra isso ter sido controlado h√° muito tempo e s√≥ n√£o t√° pq as pessoas sao irrespons√°veis 

eu fiz tudo direitinho e a minha familia ta morrendo 

MORRENDO"
1309564361724366848,2020-09-25 18:44:09,0,0,Meu antigo professor de qu√≠mica t√° internado na uti por causa do covid... mds
1309564358842888192,2020-09-25 18:44:08,0,0,"Hoje, (25) #GovSP anunciou a redu√ß√£o de 14% em √≥bitos, 12% interna√ß√µes e 2% em novos casos da Covid-19 em SP. 

 O Governador Doria, anunciou tamb√©m a amplia√ß√£o da testagem da Coronavac  em mais quatro centros de pesquisa para 13 mil volunt√°rios

 Saiba + https://t.co/DhtcpXnKOY https://t.co/OWXjN7Cuz5"
1309564355701346304,2020-09-25 18:44:07,0,0,Minist√©rio da Sa√∫de planeja ‚ÄòDia D‚Äô contra covid-19 com cloroquina e pronunciamento de¬†Bolsonaro https://t.co/EyNMrYjpij
1309564355218898946,2020-09-25 18:44:07,0,0,@erickbezerracs Isso se a covid deixar.
1309564346683527170,2020-09-25 18:44:05,0,0,Uni√£o Europeia pede que pa√≠ses tomem medidas imediatas para frear uma segunda onda de covid-19 https://t.co/oQ3gdZrClr via @elpais_brasil
1309564304488902656,2020-09-25 18:43:55,0,0,"@Miltonneves Cala a boca sua MUMIA! Cuidado com a COVID o Sr √© da √°rea de risco! E acredito que se pegar , com tamanho √≥dio e rancor que tens vai ter pouca gente a fazer ora√ß√µes pra tua cura. Voc√™ √© um cretino fdp!"
1309564301301157890,2020-09-25 18:43:54,0,0,"fui posto hoje e o medico descartou covid, √© apenas minha alergia atacada"
1309564219310907393,2020-09-25 18:43:35,0,0,"@CedaeRJ fica tranquila porque com dois baldes, uma bucha e sab√£o deu para lavar o coi√≥ aqui, mas tem uma galera que nem √°gua tem, ent√£o fica dif√≠cil essa opera√ß√£o a√≠ da tua latrina tratada chegar na casa das pessoas ou √© pra todo mundo covid pra praia e resolver ali mesmo?"
1309564185148370945,2020-09-25 18:43:26,0,0,"@MENGOCAMPEO1 @OficialAdeodato Jogamos 2 jogos e sem esse mimimi do caralho que vcs t√£o fazendo! Vc que n√£o t√° se ligando, pra voltar p√∫blico para os est√°dios o seu presidente ficou todo pomposo (5 jogos seguidos no maraca), agora que alastrou o covid ele n√£o quer jogar, hip√≥crita do caralho!"
1309564181277028355,2020-09-25 18:43:25,0,0,"@Pirulla25 Idiocracy j√° √© realidade, vide o tanto de seguidores que um certo biol√≥go ganhou ap√≥s falar em 1 milh√£o de mortos por covid no Br."
1309564179112755201,2020-09-25 18:43:25,0,0,Estudo do @_FOHB aponta que apenas 11% dos quartos de hot√©is ainda est√£o fechados em consequ√™ncia da COVID-19   https://t.co/JITlMRpASf #revistahoteis
1309564178705907715,2020-09-25 18:43:25,1,1,":ele tem covid? 
:sim
:abaixa todos https://t.co/jFcmIb6vSK"
1309564168798900225,2020-09-25 18:43:23,0,0,"quer dizer, se o que eu tive j√° n√£o foi covid n√©"
1309564167507017728,2020-09-25 18:43:22,0,0,"senhor eu vou sair, n√£o deixa eu pegar covid n√£o"
1309564159600754692,2020-09-25 18:43:20,1,0,"Covid-19: Pandemia custou 2.521,7 ME ao Estado at√© agosto - DGO - https://t.co/lLf2T5sTfR https://t.co/XoX8F143w4"
1309564150595629058,2020-09-25 18:43:18,1,0,tomei inje√ß√£o hj e infelizmente n era a vacina do covid
1309564126985846784,2020-09-25 18:43:13,0,0,"e porque n√£o temos isso @bollemdb ?? - porque segundo o presidente o pa√≠s venceu a covid - traduzindo: Jair Bolsonaro venceu a covid, pois tinha tudo para ocorrer o impeachment e agora sai at√© mesmo com popularidade em alta. https://t.co/GcPPpJZqaK"
1309564126168002562,2020-09-25 18:43:12,0,0,se eu tivesse 1h livre do covid eu usaria para ir fazer a sobrancelha sem pensar duas vezes
1309564083037929480,2020-09-25 18:43:02,1,0,"Segundo a CNN, dia 3, governo inicia nova fase do combate √† covid19 com foco no atendimento precoce. As For√ßas Armadas distribuir√£o 'Kit Covid' (hiroxicl. + azitr.) em bases militares a pacientes nos 1¬∞s sintomas. Tamb√©m haver√° pronunciamento do presidente e coletiva de imprensa."
1309564082828308480,2020-09-25 18:43:02,0,0,Secund√°ria ja tem covid ahaha
1309564077040168960,2020-09-25 18:43:01,0,0,@jubruneeelli @camillafrts mas a√≠ se curar a depress√£o pega covid u.u como faz?
1309564060439121922,2020-09-25 18:42:57,0,0,@MichelleBelo7 @MegdaAdriana Respondo: o mesmo que √© culpado pela metade das mortes por Covid no Brasil. No qual deixo meus sentimentos pelos entes falecidos e minha indigna√ß√£o pelo Mandetta
1309564055292645409,2020-09-25 18:42:55,0,0,Covid-19: G20 diz que mais de metade dos pa√≠ses africanos pediram al√≠vio da d√≠vida https://t.co/dKxkkuY5vT
1309564046467891201,2020-09-25 18:42:53,0,0,"N√£o aguento saber que fulano esta com covid, cada vez que fala eu fico gelada"
1309564028633702401,2020-09-25 18:42:49,0,0,"@FoxSportsBrasil #tarderedonda 
todos teem q  jogar!
DIREITOS IGUAIS PARA OS 20 CLUBES!
todos sabem q  teri√£o q jogar com times alternativos em  casos ... d covid 19
TODOS  os jogadores se recuperam 100% antes de 14 dias

parem de tumultuar o futebol! ‚öΩüí™üèøüëäüèæüëäüèæ"
1309564001328812037,2020-09-25 18:42:43,0,0,https://t.co/vxwuV9DXLD #news Covid-19. A situa√ß√£o ao minuto do novo coronav√≠rus no pa√≠s e no mundo - RTP
1309563962724360192,2020-09-25 18:42:33,2,1,"Doen√ßas da primavera podem ser confundidas com Covid-19 ü§ß
https://t.co/mRuXYF2kBy"
1309563957036937217,2020-09-25 18:42:32,0,0,"Parab√©ns covid
voc√™ conseguiu arruinar o meu sonho de se formar nesse ano"
1309563932177244160,2020-09-25 18:42:26,0,0,"Existem seis registros de casos suspeitos no momento, sem informa√ß√µes de internados. 
(Entre par√™nteses, a diferen√ßa dos n√∫meros para o boletim anterior) 
#COVID19 #Covid_19 #Coronav√≠rus #SarsCov2 #SARS_CoV_2"
1309563930243670017,2020-09-25 18:42:26,0,0,"#Coronot√≠cias #Avar√© em 25 de Setembro :
Avar√© tem 662 (+7) confirmados, sendo,
15 (+3) em isolamento domiciliar,
3 interna√ß√µes na Santa Casa de Avar√©,
627 (+4) recuperados 
e 17 √≥bitos.
#COVID19 #Covid_19 #Coronav√≠rus #SarsCov2 #SARS_CoV_2 https://t.co/sMIeY7KfZz"
1309563923746697221,2020-09-25 18:42:24,0,0,"COVID Q LUTE PQ A FALTA DE AR QUE ELA ME DEIXOU.,,,,,,,,,"
1309563920957542404,2020-09-25 18:42:23,0,0,"@helenaabeat a parte contra o covid
s√≥ se for contra a ideia da existencia do covid..."
1309563916863836160,2020-09-25 18:42:22,0,0,Covid-19. Privados t√™m de avisar utentes que podem ser transferidos para hospitais p√∫blicos O alerta foi emitido ap√≥s a ERS ter tomado conhecimento de que existem estabelecimentos privados que n√£o prestam cuidados de sa√∫de a utentes com sus... https://t.co/KDHOFlmBnW #observador https://t.co/NFgwKwHoOA
1309563913332297728,2020-09-25 18:42:22,0,0,@Rconstantino N√£o s√£o cupins. S√£o uma mistura de c√©lulas cancerigenas com o poder de cont√°gio do Covid 19. Isso sem contar nas c√©lulas q parecem boas mas por dentro possuem a doen√ßa da esquerda progressista...
1309563859792015362,2020-09-25 18:42:09,0,0,"Meu Deus, que descanso https://t.co/dfAzQKEJLy"
1309563853508882432,2020-09-25 18:42:07,0,0,"Lendo pessoas dizendo que ""Palmeiras prefere enfrentar covid do que o time titular do Fla"". N√£o entendi. Os jogadores infectados v√£o jogar?"
1309563837448949762,2020-09-25 18:42:04,1,0,"@RafaStrauch @Palmeiras @Flamengo Eterno ""since 19"" est√° com covid 19 kkkk"
1309563830033428484,2020-09-25 18:42:02,0,0,"@baby_shark666 @RafaStrauch @Palmeiras @Flamengo ""Corajoso"" √© o time do Palmeiras que prefere enfrentar o COVID do que o time titular do FLAMENGO. kkkkk ISSO AKI √â FLAMENGO!!!!!!!! SRN"
1309563809170968578,2020-09-25 18:41:57,0,0,"M√£es, mulheres, trabalhadoras no limite! Como uma gest√£o desumanizadora, machista e sem entender com os anseios da popula√ß√£o, sobretudo das mulheres, tem ampliado crise, adoecimento e frustra√ß√£o na pandemia. 

https://t.co/rnBZ5xqOA7"
1309563764195364865,2020-09-25 18:41:46,0,0,"#tarderedonda 
todos teem q  jogar!
DIREITOS IGUAIS PARA OS 20 CLUBES!
todos sabem q  teri√£o q jogar com times alternativos em  casos ... d covid 19
TODOS  os jogadores se recuperam 100% antes de 14 dias

parem de tumultuar o futebol! ‚öΩüí™üèøüëäüèæüëäüèæ"
1309563757182570496,2020-09-25 18:41:44,0,0,"@whindersson @rapaduraxc Poooo @whindersson agora t√¥ aqui em casa, trancada no meu quarto (pq t√¥ com suspeita de covid) e morrendo de vontade de comer cuscuz, se fosse com coco ralado ainda, a boca encheu de √°gua"
1309563713993748481,2020-09-25 18:41:34,0,0,"Essas s√£o as autoridades de sa√∫de que a CBF consulta sobre o retorno do p√∫blico aos est√°dios e que Rodolfo landim endossa apoio.

Distribui√ß√£o de rem√©dios comprovadamente ineficazes contra a doen√ßa e discursos negacionistas.

https://t.co/m55YFFu2B1"
1309563671480336385,2020-09-25 18:41:24,0,0,Mais 24 unidades de sa√∫de de Salvador v√£o aplicar testes de covid-19 - #FalaBahia #falabahia #EmmersonJos√© #EmmersonJose #emmersonjos√© #emmersonjose https://t.co/9B8TvZzKLS
1309563663548809217,2020-09-25 18:41:22,0,0,"@ninavillela Ainda mais quando o prestador de servi√ßos √© seu pai, o qual agora est√° com suspeita de covid"
1309563655328092166,2020-09-25 18:41:20,0,0,"2020?? Covid, aliens, inc√™ndios, anonymous, bombas eh p√° tabem... agr o ota(rio)mendi no meu benfica????? Por favor puta q pariu"
1309563654241685504,2020-09-25 18:41:20,1,0,"@adnarimrasec Dos 211 milh√µes de brasileiros 4,6 j√° pegaram covid. De 13 a 19 de setembro de 2020 foram 212.553 pessoas. Neste ritmo faltam 971 semanas (18 anos) para todo mundo pegar. Se a subnotifica√ß√£o √© de 90% ainda faltam ~2 anos, antes disso o surto j√° acabou."
1309563643718258688,2020-09-25 18:41:17,1,0,Tenho que entrar as 16h na triagem do covid e to deitada em casa
1309563640304066567,2020-09-25 18:41:17,2,1,"vem dia 6 de outubro, vem sob press√£o - plant√£o covid https://t.co/PlWeizvJFO"
1309563639339388932,2020-09-25 18:41:16,0,0,Falta o MONUMENTO PARA AS PERDAS DA COVID-19 https://t.co/WVURHnhona
1309563627557597185,2020-09-25 18:41:13,0,0,Covid eu te ODEIO por me privar de curtir um samba e beber o meu gelinho https://t.co/RAJVTbHzBW
1309563620355866627,2020-09-25 18:41:12,0,0,@DeLaCaZa Tas a curtir Sampa Boss. Com Covid s√≥ no Crib
1309563620305580032,2020-09-25 18:41:12,0,0,ser ou n√£o ser volunt√°rio para a vacina da covid?
1309563605432569858,2020-09-25 18:41:08,0,0,que bom que eu j√° peguei covid e eu vo t√° na √∫ltima fila pra tomar essa vacina a√≠ https://t.co/kOnbUqybBb https://t.co/MqfcT9E2Ul
1309563600873422851,2020-09-25 18:41:07,0,0,@sl_papi ainda n√£o vi nng com covid p isso q n√£o acredito
1309563588416278532,2020-09-25 18:41:04,2,0,@UmaMutti Segunda onda da Covid.
1309563556476715009,2020-09-25 18:40:57,0,0,Saudades de uma rotina sem COVID
1309563545504436224,2020-09-25 18:40:54,0,0,Pol√≠tica √© t√£o ruim que nem o covid quer ficar mais
1309563536918577152,2020-09-25 18:40:52,0,1,"#Absurdo #ForaBolsonaro ""Governo planeja 'Dia D' contra a Covid-19 com rem√©dios sem efic√°cia comprovada cientificamente""  https://t.co/E7soLuZXnb"
1309563516232364034,2020-09-25 18:40:47,0,1,"@RiskosRang @HadesXX 4/
PSD ao reunir HOJE, c/ regras 'covid', demonstra aquilo q j√° se sabia i.e., tb poder√≠amos ter os s√≥cios a 'discutir' os temas da convocat√≥ria!
S√≥ por autoritarismo/ teimosia e, 'receio' dos s√≥cios, √© que nos impedem de...
√ë cumprem estatutos e, h√° motivo legal p/ IMPUGNAR!"
1309563504861630465,2020-09-25 18:40:44,1,0,onde eu vou vender a cura do covid hj ???
1309563494178664450,2020-09-25 18:40:42,0,0,@LuizAndradd @felipeneto sport n teve um caso de covid
1309563490898784256,2020-09-25 18:40:41,2,0,Secret√°ria de Sa√∫de de Catura√≠ morre por complica√ß√µes da Covid-19 https://t.co/I4RKBTOFzW
1309563454257115136,2020-09-25 18:40:32,16,4,M√©dico apedrejado por familiares de v√≠tima de Covid-19 na Argentina: 'Cansei de ter que escolher a quem dar um leito' https://t.co/IUIJd0hAdC https://t.co/DAFOr3a0Mt
1309563440038641664,2020-09-25 18:40:29,1,0,Covid-19: Su√≠√ßa inclui Portugal na sua lista de destinos de alto risco https://t.co/Yef3t3Gg3a
1309563438650322944,2020-09-25 18:40:28,0,0,Covid-19: Su√≠√ßa inclui Portugal na sua lista de destinos de alto risco https://t.co/KvLviaPPvP
1309563428877541377,2020-09-25 18:40:26,1,1,"Alto Minho tem 215 casos ativos de COVID-19

Ver not√≠cia completa ‚û°Ô∏è: https://t.co/RJxfVn8xgI https://t.co/f4XxmVsoFw"
1309563422661636097,2020-09-25 18:40:25,11,1,"Massa revela vit√≥ria de pai sobre Covid-19: ""Muito feliz""; confira

https://t.co/npEd3b1GjZ https://t.co/yprS6TqpIe"
1309563403309121542,2020-09-25 18:40:20,0,0,"Que √© internado por Covid-19 tem, em m√©dia,  o dobro de chances de sobreviver que um internado no come√ßo da Pandemia. Achatar a curva permitiu que os doentes de hoje dobrassem (!) suas chances. Ficar em casa salvou vidas. N√£o se deixem enganar!
 https://t.co/Fu3HSITYbE"
1309563393783869443,2020-09-25 18:40:18,3,0,"@BlogdoJuca Quero saber porque quando o Goi√°s jogou com 16 desfalques devido ter um surto de covid, ningu√©m da imprensa deu a m√≠nima."
1309563366986452992,2020-09-25 18:40:11,0,0,@o_antagonista tudo mentira mundo inteiro sofrendo com covid so brasil pais mais relaxado os indices estao caindo ? vcs sao vagabundos e canalhas por contribuirem com esse genocidio!!
1309563363446468608,2020-09-25 18:40:11,0,0,"Por√©m, esse programa do SUS, n√£o pode dar pedido exame,ent√£o comecei a buscar outra alternativa, j√° que os m√©dicos do conv√™nio n√£o atendem quem est√° com coronav√≠rus.Outra consulta, que tive que pagar mesmo tendo conv√™nio √© mais uma vez: √© covid. Essa sim, me deu o pedido de exame"
1309563361680658434,2020-09-25 18:40:10,0,0,"Interven√ß√£o no JI e EB1 de Sobral da Adi√ßa e medidas preventivas da Covid-19
https://t.co/BPwyj4WYa8 https://t.co/nyUNZnCigj"
1309563354592301056,2020-09-25 18:40:08,0,0,"#tarderedonda 
todos ... teem q  jogar!
DIREITOS IGUAIS PARA OS 20 CLUBES!
todos sabem q  teriam q jogar com times alternativos em  casos ... d covid 
TODOS  os jogadores se recuperam 100%!!

parem de tumultuar o futebol! ‚öΩüí™üèøüëäüèæüëäüèæ"
1309563347109662728,2020-09-25 18:40:07,0,0,@good_theuus n√£o sei vei kkkkk tipo n√£o pegar covid √© seguro
1309563340717527040,2020-09-25 18:40:05,0,0,"@Ricardo95252772 Opino q o cargo de presidente da CAM lhe √© demasiado grande. N√£o tem capacidade p uma autonomia como Madrid. A gest√£o da Covid √© terr√≠vel. Faltam rastreadores, cuidados prim√°rios, refor√ßo TP, etc. Depois a crispa√ß√£o social aumenta quando se v√™ que s√£o os mais aqueles q s√£o (1/2)"
1309563318227664897,2020-09-25 18:40:00,574,37,"O CARA CHEGOU! @LuisSuarez9 j√° partiu para os treinos no Atl√©tico de Madrid e foi recebido pelo seu novo treinador, Diego Simeone - rec√©m-recuperado da COVID-19 - e seus companheiros de clube! Confere s√≥!

Cr√©dito: Twitter Atl√©tico de Madrid https://t.co/O0r9WX2aL2"
1309563318198177792,2020-09-25 18:40:00,2,0,"Segundo pesquisa da ABRAFARMA (Associa√ß√£o Brasileira de Redes de Farm√°cias e Drogarias), a cada 100 testes para a #COVID19 , 14 d√£o positivo para a doen√ßa.

Saiba mais:

https://t.co/sFS64TLDEv"
1309563294383067137,2020-09-25 18:39:54,2,1,"Grupo de menor risco para o novo coronav√≠rus entrou h√° pouco tempo em testes cl√≠nicos pontuais.
#ODia 

https://t.co/gDL2wDM9JO"
1309563276305616897,2020-09-25 18:39:50,0,0,"Alguns mineiros n√£o veem problema de pegar COVID em outros estados. O problema √© trazer o v√≠rus de volta pra casa, n√©. https://t.co/fd50GQ0uu6"
1309563274682400770,2020-09-25 18:39:49,0,1,vou falar te amo pro covid pra ele ir embora tb..
1309563220303261697,2020-09-25 18:39:36,0,0,"@o_antagonista Podem morrer 100 milh√µes de brasileiros pela Covid que Bolsonaro nem tomar√° conhecimento, essa insensibilidade dele o torna um ser insignificante."
1309563216264126464,2020-09-25 18:39:35,0,0,"Com 1000 mortes em 15 dias e o governo de Minas autoriza retorno as aulas a partir de 5 de outubroü§¶‚Äç‚ôÇÔ∏èü§¶‚Äç‚ôÇÔ∏èü§¶‚Äç‚ôÇÔ∏è
Realmente deve ter a cura da Covid."
1309563208676642818,2020-09-25 18:39:34,0,0,meu amigo esse exame do covid o cotonete vai la na alma
1309563207535808512,2020-09-25 18:39:33,0,0,"eu amo a vibe q a praia passa,anima√ßao a noite,pessoas ouvindo funk na rua como se nada tivesse acontecendo.PENA Q ESSA PORRA DE COVID ESTRAGA TUDO ISSO Q ODIO"
1309563207531495425,2020-09-25 18:39:33,0,0,"Q sacooooooooooooo n aguento mais quarentena, vai se fuder covid 19"
1309563202930266112,2020-09-25 18:39:32,0,0,"Mandetta revela em livro que Bolsonaro nunca aceitou conversar para encarar a realidade sobre a Covid-19 https://t.co/RXqpzjMgBf 
A t√°tica de Bolsonaro s√£o os DECRETOS para imp√¥r seus desejos.Governa por DECRETOS. https://t.co/1Mp5S0CQ8g"
1309563181359083525,2020-09-25 18:39:27,2,0,"O governador da Fl√≥rida remove todas as restri√ß√µes COVID em restaurantes e bares, assim reabrindo completamente o estado americano."
1309563163831132160,2020-09-25 18:39:23,0,0,a tristeza da libriana que fez teste do COVID pra da tudo certo na comemora√ß√£o do niver ( ali√°s deu negativo) e a briga entre fac√ß√µes barrou ela
1309563154305814528,2020-09-25 18:39:21,14,6,esse. ano. tinha. tudo. para. ser. o. melhor. ano. da. minha. vida. mas. Deus. olhou. e. disse. covid.
1309563147448131586,2020-09-25 18:39:19,0,0,T√° e algu√©m j√° tentou tomar ibuprofeno pra curar o covid?
1309563110936784896,2020-09-25 18:39:10,1,1,Covid-19: Inflama√ß√£o cr√¥nica e resposta lenta ao v√≠rus levam obesos a maior risco de morte https://t.co/2qCXXLNBuG
1309563096252518400,2020-09-25 18:39:07,0,0,boa era a vida antes do covid e eu nem sabia
1309563066024185856,2020-09-25 18:39:00,0,0,"@rmedeirosrenata Ent√£o quer dizer q na hora da foto, o COVID se recolhe para n√£o atrapalhar o flash.
Pat√©tico!"
1309563058986070017,2020-09-25 18:38:58,0,0,Leitura de raio-x que identifica Covid-19 √© desenvolvida pelo IF Sudeste MG - https://t.co/0DbeDcWc5P https://t.co/13UHNNopsJ
1309563051063087106,2020-09-25 18:38:56,0,0,Minha m√£e n√£o t√° sentindo cheiro de nada e n√£o quer fazer teste de covid üòç
1309563048844292097,2020-09-25 18:38:56,0,0,"Um cara que se identificou como William me ligou, come√ßou a falar do covid, perguntou se podia ler um vers√≠culo e dps perguntou se eu concordava... N√£o me deu espa√ßo de fala, logo eu cria do telemarketing, derrubei üòÇ"
1309563044348022785,2020-09-25 18:38:54,0,0,t√¥ sentindo que hoje vou pegar covid n√£o sei pq
1309563036273963010,2020-09-25 18:38:53,5,1,Vacina contra Covid-19: crian√ßas devem ficar no 'fim da fila' https://t.co/oZugFLRvQi
1309563035921588224,2020-09-25 18:38:52,0,0,@__inessampaio__ N me digas que estas com covid?
1309563035653201925,2020-09-25 18:38:52,10,2,"@ESPNBrasil T√° sendo coerente 

Obrigou o Goi√°s a jogar com 15 desfalques

https://t.co/ZbmtRLPAIU
Mas a m√≠dia n√£o defendeu e nem deu espa√ßo, igual da pro queridinho"
1309563032566202370,2020-09-25 18:38:52,0,0,hoje eu fui na policl√≠nica tomar vacina contra sarampo mas eu queria mesmo que fosse contra covid üòî
1309563029152043008,2020-09-25 18:38:51,0,0,"As contamina√ß√µes no Flamengo n√£o param. Qual vai ser a estrat√©gia do clube para enfrentar o Palmeiras pelo brasileir√£o? 

https://t.co/yIy8whmPzr"
1309563028157931520,2020-09-25 18:38:51,5,0,meu teste da covid deu negativo üôè
1309563011380785153,2020-09-25 18:38:47,1,0,"@MENGOCAMPEO1 @Togurin13 Mas a gente j√° teve casos de covid e nem por isso foi esse chororo... agora pra vcs o calo apertou e t√£o pedindo penico... Ombridade e joga com o que tem, igual fez o Goi√°s"
1309562998424506368,2020-09-25 18:38:43,1,1,"Dados do IBGE revelam que a popula√ß√£o ocupada no Brasil entre 30 de agosto a 5 de setembro foi estimada em 83,3 milh√µes. Segundo a pesquisa Pnad Covid-19 semanal, cerca de 3,4 milh√µes estavam afastados do trabalho devido ao distanciamento social. https://t.co/7octMDS2zn"
1309562978665197568,2020-09-25 18:38:39,0,0,@vini_bfr7 Vc ia passar covid pra todo mundo
1309562955332288514,2020-09-25 18:38:33,0,0,"Come√ßa assim: nenhum m√©dico do conv√™nio, atende pacientes com sintomas de covid! Se tiver qualquer um dos sintomas, n√£o consegue atendimento. Pois bem, me encaminharam para um atendimento on-line do SUS, e fui muito bem atendida por sinal, mas logo, a m√©dica disse: √© covid"
1309562951578398727,2020-09-25 18:38:32,5,1,"Os jogadores do #Barcelona de #Guayaquil fizeram teste de Covid-19 hoje. Os resultados sair√£o √†s 22h (de Bras√≠lia). 

@simpraisa https://t.co/nccHRgtIci"
1309562944842334209,2020-09-25 18:38:31,0,0,"@rmedeirosrenata Se jogador do palmeiras pega covid q se foda, nao quiseram adiar o jogo"
1309562937674280960,2020-09-25 18:38:29,3,0,"E na dele? Algu√©m confiaria??
Governador de Nova York diz que revisar√° qualquer vacina contra covid-19: ""N√£o vou confiar na opini√£o do governo federal"" https://t.co/UumLPR7Mtl"
1309562937112252417,2020-09-25 18:38:29,1,0,@gabrielazevedo Teve o niver no inicio da pandemia q vc pegou covid tb. Kkkk
1309562914592952322,2020-09-25 18:38:23,2,0,Covid no ejaf ta tipo academia Sporting
1309562902421139457,2020-09-25 18:38:21,0,0,"1¬∞ Expert em Covid-19 acontece neste s√°bado (26)
https://t.co/MmcjBJsIx7 

#NoArNaCBN https://t.co/Xu6TOdo4SP"
1309562894137331712,2020-09-25 18:38:19,1,1,"Muito bem querido Ministro Weintraub, tem q desmascarar a corja imunda q s√≥ faz mentir...

COVID: coisas que eu vi no Governo! https://t.co/sbBz1esNRC via @YouTube"
1309562865225994240,2020-09-25 18:38:12,3,0,"O @Palmeiras querendo jogar com o sub 20 do Fla correndo risco de propagar Covid no elenco, possibilitando at√© um surto que tire v√°rios jogadores do time de uma vez, colocando em risco at√© a vaga na Libertadores, mostra um @Recibo_CRF inacredit√°vel da equipe alviverde!"
1309562863116316674,2020-09-25 18:38:11,0,0,@iemandondersch4 @ErickDoesn @Externalvermin1 @eogostodepizza @framesfoda o cara tem que toma cuidado com o covid ent
1309562858863235073,2020-09-25 18:38:10,0,0,"Opera√ß√£o Covid-19 mobilizou quase 30 mil militares em seis meses

A Opera√ß√£o Covid-19 do Minist√©rio da Defesa mobilizou 28.729 militares em 180 dias, apresentou¬†hoje¬†(24) o ministro, Fernando Azevedo e Silva, em um balan√ßo de seis meses das a√ß√µes. O g https://t.co/iiAZDrRETt https://t.co/GeKA10gq3w"
1309562841180114945,2020-09-25 18:38:06,59,8,"Eu fico puta de ver o trabalhador se arriscando pegando √¥nibus pra trabalhar e o playboy curtindo a praia em dia √∫til no meio da tarde sem m√°scara. O trabalhador n tem op√ß√£o e, se pegar covid vai depender do SUS, q t√° sobrecarregado desde sempre. J√° o playboy.."
1309562812407181314,2020-09-25 18:37:59,0,0,@lbertozzi Engra√ßado √© a MLS fazer isso. Como se os USA tivesse top no combate √† Covid.
1309562796674252801,2020-09-25 18:37:55,1,0,eu s√≥ queria ser volunt√°ria pra tomar a üíâ  da covid-19
1309562791859286016,2020-09-25 18:37:54,3,1,"O geocientista Dr.¬†Yaron Ogen conseguiu mostrar que, h√° muitas mortes relacionadas ao COVID-19, em √°reas com altos n√≠veis de polui√ß√£o por di√≥xido de nitrog√™nio.
Na √©poca, isso inclu√≠a a regi√£o do norte da It√°lia, a √°rea da grande Madri e a prov√≠ncia de Wuhan na China. https://t.co/L5dvQpYKmQ"
1309562789716000768,2020-09-25 18:37:54,8,4,"""Sinto orgulho particular por poder dizer que nossa contribui√ß√£o e nossa pesquisa ser√£o patrim√¥nio coletivo: a vacina ser√° colocada √† disposi√ß√£o de todos os povos.""

Vacina contra Covid √© 'bem p√∫blico global', diz @GiuseppeConteIT , premi√™ da It√°lia  

https://t.co/AyPXbTONb9"
1309562780605915138,2020-09-25 18:37:52,1,0,@fcbmaraia Ele ta pensando no futuro repondo a popula√ß√£o q diminuiu por causa do covid
1309562775031734274,2020-09-25 18:37:50,0,0,@CLVII_Gui Tu √© t√£o feio que o covid at√© corre de tu kkkk
1309562760238428161,2020-09-25 18:37:47,0,0,Estudos indicam anti-inflamat√≥rios como nova esperan√ßa contra #covid-19 | Exame https://t.co/wCMRHpXg7t
1309562756492914688,2020-09-25 18:37:46,0,0,"@CNNBrasil Um rem√©dio utilizado por mais de 70 anos (at√© de forma profil√°tica) foi politizado, verba da sa√∫de desviada, EPI`s superfaturados. Onde est√° a m√©dia de pessoas que morriam de pneumonia e gripe por ano? Como caiu tanto os casos de morte e subiu os de Covid-1964 o ano da censura?"
1309562754030862338,2020-09-25 18:37:45,28,19,"Hora do sil√™ncio ensurdecedor esquerdista.

https://t.co/F1i6Rmmrtg"
1309562736175656960,2020-09-25 18:37:41,2,0,"Comit√™ Estadual de Enfrentamento √† Covid-19 autorizou durante reuni√£o semanal realizada, na √∫ltima quarta (23), que cidades na Onda Amarela liberem a volta do ensino superior. #G1ZonadaMata

https://t.co/1eHdOAFXCK"
1309562677941936129,2020-09-25 18:37:27,0,0,@CristianeLeo @NataliaGomes3 @lucc4a Cuidado pro covid n√£o te matar ou sua üëÖ
1309562661001203717,2020-09-25 18:37:23,1,0,Se a pessoa for esperar o resultado do teste de covid pela @hapvidasaude √© mais f√°cil aguardar desenvolverem a vacina com a cura pq olhe vou te contar
1309562653644394497,2020-09-25 18:37:21,0,0,"@ringsurrea Eu sou uma aposentada,  sentada em casa, com medo de pegar covid üò™üò™üò™üò™"
1309562651849170944,2020-09-25 18:37:21,0,0,"tive um pequeno argumento com meu chefe a√≠ ele me manda essa ""a yasmin ficou muito condescendente depois do covid"""
1309562646660870144,2020-09-25 18:37:20,0,0,"@ffcmatheuspena @ESPNBrasil @FoxSportsBrasil Pergunta o Flamengo q apoiou a volta do Carioca q pediu a ""CBF"" a volta da torcida ,agr q est√£o infectados est√£o do contra e os torcedores q ir√£o pro est√°dio ? O Flamengo est√° ligando se pegar covid ? Resumindo s√≥ pensam neles e no dinheiro üí™üëç"
1309562613618143232,2020-09-25 18:37:12,0,0,duvido voc√™s acertarem qual √© o √∫nico que tem casos confirmado de covid üôà https://t.co/lXgYiw79D1
1309562598870978561,2020-09-25 18:37:08,6,0,"Voc√™s n√£o sabem o que √© ter sintomas de covid no Brasil! Ap√≥s uma semana, em que eu vi que ter conv√™nio n√£o adianta em nada em uma pandemia e dois diagn√≥sticos de Covid, meu resultado, felizmente deu negativo! Mas foi um perrengue"
1309562582441885697,2020-09-25 18:37:04,0,0,"Em S√£o Lu√≠s o covid n√£o foi capaz de fazer a quarentena acontecer, j√° as  fa...%#"
1309562560228864001,2020-09-25 18:36:59,0,0,"Se temos que esperar, fa√ßamos com criatividade! Dica de leitura √∫til para quem deseja ser famoso na internet! üò±üò±üò± 
.
.
.
#dica #leitura #publicidade #marketing #covid_19 em Ag√™ncia Orca https://t.co/JnwuYGVySi"
1309562524262690816,2020-09-25 18:36:50,5,0,Minha m√£e tava com suspeita de covid mas o exame deu negativo GRATILUZ
1309562501084917766,2020-09-25 18:36:45,1,0,"Tenda de triagem de Covid-19 do Hospital Concei√ß√£o ser√° fechada. Mais de 11.400 pessoas j√° foram atendidas no local. Atividades ser√£o suspensas a partir de 30 de setembro, √†s 20h. #rdcvtv"
1309562500619415554,2020-09-25 18:36:45,0,0,@OCensurado2 Resposta p√≥s covid ???
1309562499298099201,2020-09-25 18:36:44,0,0,@joaoguilhermfox  voc√™ √© sensato demais realmente n√£o tem santo nessa hist√≥ria de covid todos quiseram a volta do futebol voc√™ √© o melhor n√£o se misture com essa gentalha da fofox
1309562475638140928,2020-09-25 18:36:39,0,0,"Diante da pandemia de #Covid, o @Observatoriotab identificou o emprego de t√°ticas de Responsabilidade Social Corporativa (RSC) pelas ind√∫strias de tabaco e grupos de fachada. (+) https://t.co/VSAMkXn02i"
1309562471934558209,2020-09-25 18:36:38,0,0,UFPel lidera pesquisa estadual sobre medidas de prote√ß√£o individual contra a covid-19 https://t.co/lOUj8A9Jo2
1309562470839840780,2020-09-25 18:36:38,1,0,"o ministerio da saude (!!!!!!!) quer dar DIA D contra covid-19. a ideia √© nada mais nada menos que: se voc√™ n√£o morrer de corona, morre de colapso hormonal, s√≥ pode"
1309562429920227330,2020-09-25 18:36:28,1,0,"ai mores pfvr, as pessoas pingando covid no meu cangote em onibus lotado e vou ta preocupado com uma mao no banco do trem? me respeita n√©? o cara pode tacar alcool gel na mao e depois tacar aquela mao na minha cara que eu quero"
1309562428649345026,2020-09-25 18:36:28,0,0,"hoje um homao gostoso pra caralho estava no trem, sentado na minha frente com a maozona no banco
eu fiquei tao apx por aquela mao que fiz um video e mandei pros meus amigos, e alguns nao entenderam e acharam que eu tava falando dele pegando covid por ta com a mao no banco do trem"
1309562425499439104,2020-09-25 18:36:27,0,0,"Apenas tr√™s cidades ga√∫chas n√£o registraram casos da covid-19, aponta Secretaria da Sa√∫de https://t.co/9UUxFvDtMw"
1309562421405782017,2020-09-25 18:36:26,2,0,"A mudan√ßa do profissional ocorreu ap√≥s Bolsonaro tomar conhecimento de cr√≠ticas de Srougi √† sua atua√ß√£o diante da pandemia da Covid-19.  Procurado, Srougi afirmou que n√£o iria comentar o assunto."
1309562370801504256,2020-09-25 18:36:14,0,0,@alexiacrf Se uma das dicas for t√° com covid n abaixa ningu√©m
1309562369148944384,2020-09-25 18:36:13,0,0,"COVID: coisas que eu vi no Governo! 

https://t.co/yiDnbTL8jX via @YouTube"
1309562350773719041,2020-09-25 18:36:09,0,0,"Enzo com suspeita de covid e nada desse resultado sair no site, que agonia"
1309562338882789377,2020-09-25 18:36:06,2,0,A empres√°ria pessoense fazendo a festa pra comemorar que se curou da covid eu to rindo muito de ooooooooooooooooooooooooooodio
1309562331433701377,2020-09-25 18:36:04,2,0,"A menina passando aqui de short curto pra um crlh, blusa curta e SEM M√ÅSCARA. Dando uma de patricinha eu em me poupe, vai ficar mais gata ainda depois q pegar covid"
1309562330628358145,2020-09-25 18:36:04,0,0,"covid, nunca vou te perdoar por me deixar semanas sem ver jeremias üëçüèΩü§°"
1309562327105236993,2020-09-25 18:36:03,0,0,Capacidade de produ√ß√£o anual de vacinas contra Covid-19 da China deve chegar a 610 milh√µes de doses ao fim de 2020 https://t.co/rnCSkh060E
1309562323233918978,2020-09-25 18:36:03,2,0,"Foi mal professor... Eu realmente queria estar em uma v√≠deo chamada com a turma mas √© que eu t√¥ em uma fila pra teste de Covid agora e, voc√™s sabem como essas filas s√£o demoradas n√©?..."
1309562311527591937,2020-09-25 18:36:00,0,0,"Estou farta do covid isto e covid aquilo, d√£o a desculpa da merda do v√≠rus p fazerem o q quiserem da vida... n atendem as merdas dos telem√≥veis e marcam consultas p ano q vem"
1309562298894364672,2020-09-25 18:35:57,2,0,"Sewxtou, mas eu n√£o sextarei 

Covid 19"
1309562270415040512,2020-09-25 18:35:50,0,0,E se isso tudo acontecer pode se preparar p m√≠dia caindo em cima do Flamengo por conta dos casos de covid no Palmeiras SENDO Q ESSA MERDA DE TIME N QUIS ADIAR A PARTIDA https://t.co/PSF3KDQ0ht
1309562247535046656,2020-09-25 18:35:44,0,0,Horm√¥nio produzido durante exerc√≠cios f√≠sicos ajuda a combater a Covid-1... https://t.co/mIBKcx3Qos via @YouTube
1309562198310694913,2020-09-25 18:35:33,38,11,"#Opera√ß√£oCOVID19 | As medidas para evitar a prolifera√ß√£o do novo #coronav√≠rus, tomadas pelos militares das For√ßas Armadas em apoio aos √≥rg√£os de sa√∫de, continuam por todo o Brasil. Saiba mais ‚¨áÔ∏è
https://t.co/l62zwy0TDX"
1309562172150775808,2020-09-25 18:35:26,1,0,Rastreamento de contatos de Covid-19 √© tema da live de sexta (25) https://t.co/ixRUYiFARM
1309562167029575681,2020-09-25 18:35:25,0,0,Boletim epidemiol√≥gico informa que Alagoas tem 85.937 casos de Covid-19 e 2.046 mortes https://t.co/U4qCX1Z1l5
1309562164013867008,2020-09-25 18:35:25,0,0,"@iagojesus_ @rmedeirosrenata Foram testados e ap√≥s isso quando houve a testagem de novo subiu para 30 atletas. √â cabacice que chama? Outra coisa, qual o n√∫mero de contaminados por covid-19 de Gr√™mio e Santos? Fim da hist√≥ria."
1309562139770839044,2020-09-25 18:35:19,0,0,@irldenkiz vem com a cura do covid junto s√≥ pode
1309562131805868033,2020-09-25 18:35:17,1,0,Duvido voc√™s acertarem qual o √∫nico elenco com surto de covid üôà https://t.co/noVDtoJ5Ko
1309562121391411205,2020-09-25 18:35:14,1,0,"Uma ag√™ncia de Vilhena √© contratada pela Prefeitura de Rolim de Moura para trabalhar na comunica√ß√£o, sendo que h√° um jornalista que tamb√©m trabalha na PMRM. Resultado: mais de um m√™s sem boletim informativo sobre os casos de Covid-19 no munic√≠pio."
1309562101275467778,2020-09-25 18:35:10,0,0,essa semana perdi um tio pro covid e agora uma amiga da fam√≠lia t√° em estado grave na uti e voc√™s continuam vivendo como se nada estivesse acontecendo
1309562098284982274,2020-09-25 18:35:09,2,0,Confian√ßa tem mais seis atletas com Covid-19 e pede adiamento do jogo @portal_infonet https://t.co/wLiYfTfj5p
1309562089518903297,2020-09-25 18:35:07,0,0,Pessoas que n√£o usam m√°scara cavam t√∫mulos de v√≠timas da covid na Indon√©sia https://t.co/jMIy79CpmD via @UOLNoticias @UOL
1309562060095647744,2020-09-25 18:35:00,56,6,Butant√£ amplia testes de vacina chinesa contra covid para mais 4 mil volunt√°rios https://t.co/jLogXHzoKE
1309562059999375360,2020-09-25 18:35:00,0,1,"Ainda n√£o foi definida uma nova data para os desfiles acontecerem, informou a Liesa, a liga das escolas de samba

https://t.co/tgxF9Dq0ck"
1309562012343640067,2020-09-25 18:34:48,0,0,"@bbcbrasil Achei que eu era raridade, estava ficando louca de tanto que falaram que s√≥ eu seguia a risco, sou card√≠aca e hipertensa, moro no interior de S√£o Paulo e aqui vida segue, com Covid üò≠.
Tem grupo de apoio?"
1309561983461621760,2020-09-25 18:34:41,3,2,"Pergunta foi realizada nas redes sociais ap√≥s o surgimento de diversos casos da doen√ßa no elenco rubro-negro. 

#ODia 

https://t.co/Y8zWJ8tzW3"
1309561946031751173,2020-09-25 18:34:33,0,0,"@maurocezar Jodador tem. Agora, solu√ß√£o n√£o √© adiamento, pois isso favoreceria um time que √© negligente em detrimento de outro exemplar nos protocolos.
O time carioca foi negligente no caso do inc√™ndio que matou os meninos em 2019 e faz igual em rela√ß√£o ao covid. N√£o h√° ""v√≠tima de um surto""."
1309561943284428802,2020-09-25 18:34:32,0,0,A pessoa acha que s√≥ pq pegou covid uma vez √© imune pra sempre e n precisa de vacina kkkkkkkkkkkkkk
1309561937911582720,2020-09-25 18:34:31,1,0,@AirtonJ37908161 @centraldanacao @roddunshee S√≥ pensar um pouco se varios jogadores que estavam la pegaram covid logo existem falsos negativos que na pr√≥xima vez que fizerem exames pode dar positivo...
1309561937907380224,2020-09-25 18:34:31,5,0,vov√≥ fez o teste de covid e deu negativo ü•∞
1309561925487996928,2020-09-25 18:34:28,0,0,"IMUNIZA√á√ÉO
A ades√£o¬†foi¬†publicada¬†em edi√ß√£o extra do¬†Di√°rio Oficial da Uni√£o. https://t.co/CwkZYS47mC"
1309561897960734721,2020-09-25 18:34:21,0,0,Acabei de perder meu primo favorito pra COVID üò≠üò≠üò≠üò≠üò≠üò≠üò≠ü•Äü•Äü•Äü•Äü•Äüåëüåëüåëüåëüåëüåëüåë
1309561897113595909,2020-09-25 18:34:21,0,0,"O Landim do framengo quer adiar o jogo por causa dos jogadores com Covid. Mas quando era o time do Goi√°s , ele exigiu o jogo. O forte exercendo poder sobre o fraco. Al√©m de genocida √© elitista @bfrapaixonado @bfrmilgrau @CentralBotafogo @zefogareiro @GloriosoBFR @Bfrantifascista"
1309561876741853185,2020-09-25 18:34:16,0,0,"isso √© estresse, priva√ß√£o de sono, falta de carboidratos, COVID-19, l√∫pus ou, como disse google, um tumor no meu c√©rebro?"
1309561876632797185,2020-09-25 18:34:16,0,0,"#boatarde #Noticias #Covid #coronavirus ) ] } Eu quero saber onde isso tudo vai parar. Quer dizer: √© o fim da propriedade privada. E estamos aceitand como se n√£o fosse nada. Absurdo! O domic√≠lio √©, e deve ser, INVIOL√ÅVEL! Um policial totalmente desequilibrado, louco, lun√°tico! https://t.co/M157EzuKjx"
1309561864221872128,2020-09-25 18:34:13,1,0,"@Andreza__veloso Afinal √© uma passagem de um ano para outro, e essa passagem vai der dedicada a o covid."
1309561852549124097,2020-09-25 18:34:10,1,0,"Novos casos de Covid-19 da Inglaterra est√£o acelerando rapidamente, mostra estimativa https://t.co/c66rEznMf6"
1309561836824657921,2020-09-25 18:34:07,1,0,@hookerbiebs mana eu tenho mais medo do teste do que do pr√≥prio covid
1309561830256373760,2020-09-25 18:34:05,0,0,"Isto √© uma das coisas mais cafajestes que j√° vi pol√≠ticos fazerem no Brasil. Eu n√£o tenho adjetivos para descrever esse tipo de criatura. üòîü§¨
https://t.co/6aHOeapGaD"
1309561815953821696,2020-09-25 18:34:02,0,0,@flaviofachel S√≥ aqui no Brasil que nada tem sido feito para combater o crescimento da letalidade e controle da covid-19!
1309561810408951808,2020-09-25 18:34:00,0,0,"O Dr. Luis Eduardo Werneck de Carvalho, oncologista cl√≠nico, PHD em Oncologia e m√©dico da Oncol√≥gica do Brasil conversou com a equipe da RV Mais sobre os impactos da COVID-19 no tratamento do paciente oncol√≥gico. Em breve, a conversa estar√° dispon√≠vel no podcast RV Mais Sa√∫de."
1309561805140828162,2020-09-25 18:33:59,0,0,"""Covid-19: Governo autoriza entrada de estrangeiros em todos os aeroportos do pa√≠s""  https://t.co/ANcaDdlZWg"
1309561777437454336,2020-09-25 18:33:52,2,0,Teste do covid deu negativo https://t.co/Q3J158QDEN
1309561771498385408,2020-09-25 18:33:51,0,0,pq um teste de anticorpo pra covid tem q custar 300 reais meu deus
1309561771330592769,2020-09-25 18:33:51,3,1,"Sobe para 4.574 o n√∫mero de mortes por Covid-19 no RS 

https://t.co/HdMgITnZfK https://t.co/1O0gc2DsGs"
1309561770965700609,2020-09-25 18:33:51,1,0,"@vic_santos337 fodase o covid mermao, me beija"
1309561760756781057,2020-09-25 18:33:48,0,0,"@Gabrielhnb12 @littlebeckhzin @Ningum58263144 @lcgf_CRF @Palmeiras meu amigo, o vasco jogando com time inteiro reserva, por causa da covid e seis tem o melhor elenco e querem reclamar me poupe tao com medo"
1309561757191479296,2020-09-25 18:33:48,0,0,"@dadourado ENGANA√á√ÉO? PERGUNTA AO JO√ÉO DORIA, BRUNO COVAS, DAVID UIP, WILSON WITZEL, RODRIGO MAIA, CAMILA PITANGA E OUTROS, QUE REM√âDIO UTILIZARAM PARA TRATAR O COVID. PORQUE SE N√ÉO FORAM ESSES QUE SER√ÉO DISTRIBU√çDOS PELO GOVERNO, ALGU√âM ESTAR QUERENDO FUDER COM O POVO."
1309561752112238592,2020-09-25 18:33:46,0,0,"Amei este crit√©rio kkkkkk. Deve ser in√©dito em qualquer lugar isso. N√£o, querido, vc est√° e sempre foi saud√°vel, n√£o pode entrar, fica em casa kkkkkkk https://t.co/8h1GawpIeR"
1309561747347566592,2020-09-25 18:33:45,0,0,"@ESPNBrasil @FoxSportsBrasil Flamengo concorda em voltar com o campeonato no meio da pandemia. Flamengo quer ter p√∫blico no Maracan√£ no meio de uma pandemia. Flamengo t√° reclamando pq a CBF t√° cumprindo o que os clubes assinaram pq seu eleco t√° com covid? ah, v√° te catar."
1309561734437449729,2020-09-25 18:33:42,0,0,@siavon_ s√≥ tao fazendo interna√ß√£o de covid
1309561724236947458,2020-09-25 18:33:40,44,11,"O governo negacionista acha que vai conseguir combater a pandemia em apenas um dia de evento, com medicamentos sem efic√°cia comprovada. S√≥ pode ser uma piada de p√©ssima gosto!

https://t.co/Aej5F0Bbjs"
1309561723360346115,2020-09-25 18:33:39,0,0,"Algu√©m precisa acabar com o Flamengo. Uma vergonha para o futebol brasileiro, clube calcado no racismo, flertou com a ditadura, assassinou sua base e agora acena para o COVID. https://t.co/cQo9dvMuTM"
1309561719237345287,2020-09-25 18:33:39,0,0,"@felipeneto Vc n√£o recebeu o e-mail @felipeneto ? Acabou a COVID, n√£o t√° sabendo? Todos j√° est√£o agindo normalmente, apenas as pessoas desconectadas n√£o receberam o e-mail dizendo que o covid acabou."
1309561706151055360,2020-09-25 18:33:35,0,0,Eu s√≥ queria ir tomar terere no parc√£o com os amigos que eu n√£o vejo a uns nove meses √© pedir mt covid?
1309561687570354177,2020-09-25 18:33:31,0,0,"@Alzilene12 @Med176 @o_antagonista ser√° que elas beberam √°gua?
se sim, ent√£o podemos considerar que √°gua tamb√©m cura a covid?"
1309561670986018818,2020-09-25 18:33:27,0,0,"Fiz o teste do COVID agr, deu negativo üôåüèº‚öΩÔ∏è"
1309561656092041224,2020-09-25 18:33:23,0,0,"Boletim Epidemiol√≥gico: mais um √≥bito e 38 casos por Covid-19 s√£o registrado em Sete Lagoas

https://t.co/Bj5Wb1GceB"
1309561643752394752,2020-09-25 18:33:21,0,0,"Respiradores que nunca chegaram: como corrup√ß√£o dificultou combate √† covid no pa√≠s

https://t.co/bQG0QsiMF5"
1309561626769723399,2020-09-25 18:33:16,0,0,"@amanndamll Ela previu o Covid a 18 anos atr√°s, por isso nunca deixou tu sair ü§£ü§£ü§£ü§£"
1309561625020637187,2020-09-25 18:33:16,0,0,@maurocezar @diegovasqs90 Derrota do palmeiras pro time D do Flamengo e diagn√≥stico de Covid pra parte de seus jogadores ao longo da semana = suic√≠dio em massa dessa gente n√© !?
1309561624957726720,2020-09-25 18:33:16,0,0,"üîä.  AUDI√äNCIA DA COMISS√ÉO DE EDUCA√á√ÉO COM A SME SOBRE PROTOCOLOS EM CASO DE COVID-19 !
(Den√∫ncias de escolas q continuam abertas qdo h√° casos de funcion√°rios com COVID-19 )

*Acompanhe pela Rio Tv C√¢mara, no YouTube!*    

https://t.co/fyWiOSaN1F"
1309561605018054665,2020-09-25 18:33:11,0,0,"Minas Gerais ultrapassou sete mil mortes por Covid-19
No estado s√£o 7.056 mortes confirmadas pela doen√ßa
https://t.co/5x4Rr4ZbG2 https://t.co/ZCamO5eTb7"
1309561563058241536,2020-09-25 18:33:01,0,1,"@RiskosRang @HadesXX 3/
COVID-19?!
DGS?
E OS OUTROS?
Seja na AG do slb, seja PSD q re√∫ne HOJE, c/ regras adaptadas √† pandemia de covid-19
""p/ prevenir filas na entrada todos participantes receber√£o uma mensagem no seu telem√≥vel c/ n¬∫. da mesa p/ realizar a credencia√ß√£o...""
https://t.co/kMWa8Jz6X1"
1309561534075613189,2020-09-25 18:32:54,1,0,abril de 2021 pode cobrar foto minha exatamente assim se o covid ainda tiver online https://t.co/VvvBsXJZOc
1309561528270585856,2020-09-25 18:32:53,0,0,A prof mandou um artigo q parece ser super legal relacionado a dengue e covid mas aff ta em ingl√™s
1309561522780360707,2020-09-25 18:32:52,103,10,"O  'Dia D' contra a Covid-19, mesmo sem nenhum embasamento cient√≠fico, vai causar um estrago na popula√ß√£o. Ser√° considerado o dia do fim da covid pelas mesmas pessoas fan√°ticas, desinformadas ou engajadas com as mentiras do atual governo."
1309561508448346118,2020-09-25 18:32:48,0,0,"Prefeitura marcou hor√°rio pra todos os professores fazerem o teste de covid, mam√£e foi l√° perto do hor√°rio dela achando que ia ser r√°pido, chegou l√° e tome fila debaixo de sol! https://t.co/J2HYZ7FisB"
1309561474399047680,2020-09-25 18:32:40,0,0,@ESPNBrasil Se abrir brecha para todos os outros clubes tamb√©m v√£o pedir adiamento devido acasos de covid.
1309561450428600321,2020-09-25 18:32:34,0,0,"Registrados mais dois casos de Covid-19 em Cerro Largo
#coronav√≠rus #pandemia #covid19 #FiqueEmCasa 
https://t.co/a9yS93ze4g"
1309561421538234368,2020-09-25 18:32:28,2,0,"at√© esses dias rancharia tava com 100 confirma√ß√µes de pessoas infectadas (isoladas em casa e algumas no hospital) e uns 700 curados.
a√≠ hoje tem s√≥ 13 em casa, 3 no hospital e 805 curados,

ou seja,

rancharia √© a cura pro covid, a oms deveria estudar essa cidade milagrosa."
1309561405683773440,2020-09-25 18:32:24,0,0,"Covid-19. OMS admite que n√∫mero de mortos pode duplicar no pr√≥ximo ano Sobre o aumento de mortes por Covid-19, a OMS afirma que ""infelizmente, √© muito prov√°vel"", se n√£o se usarem as ferramentas j√° conhecidas para conter os cont√°gios. https://t.co/wZ9Qx2pAFP #observador https://t.co/lo5ZVmkf6o"
1309561384972300293,2020-09-25 18:32:19,0,0,"@MutanteBrasil @viniciusrsreal @Jiuliano9 @JoaoCacatiota @rav_en123 @tinando82 @JornalOGlobo Pagou aux√≠lio p 65 milh√µes de brasileiros, resgatou v√°rios brasileiros pelo mundo,garantiu milh√µes de empregos, sem contar que o STF autorizou os governadores a tomar medidas p o covid"
1309561361735782402,2020-09-25 18:32:13,0,0,Inflama√ß√£o cr√¥nica e resposta lenta ao v√≠rus levam obesos a maior risco e morte por covid-19 #Sa√∫de https://t.co/FpfVjym06E https://t.co/lyRtFuyFUt
1309561325161504770,2020-09-25 18:32:05,5,0,Covid-19. OMS admite que n√∫mero de mortos pode duplicar no pr√≥ximo ano https://t.co/9eXdb7pKI3
1309561321923305474,2020-09-25 18:32:04,0,0,OMS admite que n√∫mero de mortos por Covid-19 pode duplicar no pr√≥ximo ano https://t.co/6Teefj8bM7 Em https://t.co/MDmhqgtnSp https://t.co/EW7nXQ2jNA
1309561311114784770,2020-09-25 18:32:01,0,0,@gumissura kkkkkkkkkkk eu to em sj mas covid t√° solto ainda doido
1309561307784507392,2020-09-25 18:32:00,0,0,@MarcosQuezado1 @gazeta_brasil Diz pra ir pra China que l√° n√£o tem COVID -19
1309561305804800003,2020-09-25 18:32:00,2,1,"Comunidades que existiriam no Orkut: N√£o √© covid, √© rinite üòÖü§ßü§™"
1309561286947155968,2020-09-25 18:31:55,1,0,"üë®‚öï#ViverBem, oferecimento @unimedbh

No epis√≥dio #001, Camila Campos bate um papo com Jos√© Pedro Jorge Filho, cardiologista que explica os principais cuidados que precisamos ter, quando problemas card√≠acos viraram fatores de risco para a COVID-19.
Ou√ßa: https://t.co/yd0AP2XtkZ https://t.co/n55jyI4cqv"
1309561279380688897,2020-09-25 18:31:54,0,0,"Uuuuh uma p√°gina ""COVID FEUP"" seguiu-me no insta, is this supposed to mean something?"
1309561258094587905,2020-09-25 18:31:49,0,0,"Meu cora√ß√£o partiu quando peguei covid hoje. Ele ainda estava anestesiado, grogue. Pecado"
1309561257989730304,2020-09-25 18:31:49,0,0,"Not√≠cia em Angola correm t√£o r√°pida, como n√£o conhe√ßo algu√©m que conhece algu√©m.... que tem covid-19?? Rio ou choro ?"
1309561256433586177,2020-09-25 18:31:48,6,3,"A imunoglobulina √© um medicamento que refor√ßa o sistema imunol√≥gico, indicado para pacientes com imunodefici√™ncia, doen√ßas neurol√≥gicas e casos de inflama√ß√£o aguda, associados √† Covid-19. https://t.co/RDPP4qStAI"
1309561244022706178,2020-09-25 18:31:45,0,0,"O Diego falando que o hotel que eles estavam e receberam a not√≠cia do covid, foi o mesmo que ficaram no jogo contra o emelec em que ele quebrou a perna. Que hotel amaldi√ßoado velho"
1309561228965093377,2020-09-25 18:31:42,0,0,@TgZeni @UOLEsporte Vasco 19jogadores Covid Atl√©tico Paranaense 11jogadores Covid Cear√° 11jogadores Covid Corinthians 23jogadores e teriam um cl√°ssico contra o Palmeiras paulista Atl√©tico Paranaense 11jogadores Covid
1309561222967316480,2020-09-25 18:31:40,26,3,"Acabo de ver 1 video q o ex ministro da educa√ß√£o o tal Olavette Abraham Weintraub gravou (q o Astrolavo compartilhou)sobre mentiras do Covid que eles contam,aja PHOTOSHOP p/ disfar√ßar q ele √± t√° bem da ""caba√ßa"", a express√£o foto/video diz muito sobre o estado mental da pessoa."
1309561210694664192,2020-09-25 18:31:37,0,0,"Os cariocas se consideram em desvantagem pela grande quantidade de desfalques em rela√ß√£o ao time alviverde. O pedido foi encaminhado para an√°lise do presidente do STJD, Ot√°vio Noronha.

üçä#LaranjeirasNews
https://t.co/KIDP7Sg0nl"
1309561188271915017,2020-09-25 18:31:32,1,0,"Protocolo de seguran√ßa contra COVID-19, por Rodolfo Landim:

- Na hora de tirar foto, retire sua m√°scara e prenda a respira√ß√£o"
1309561182416760835,2020-09-25 18:31:31,0,0,@arthurmoledoval Devemos elogiar Covas e D√≥ria pelo combate √† Covid?
1309561172019089409,2020-09-25 18:31:28,0,0,"Bolsonaro libera R$ 2,5 bi para ades√£o em programa de vacinas contra¬†covid https://t.co/L1nLbJlTNZ"
1309561154520440844,2020-09-25 18:31:24,0,0,"O meu deu positivo, j√° passei covid gente
O da minha v√≥ TB
O do meu pai TB
O √∫nico que n√£o pegou foi o meu v√¥"
1309561153794777089,2020-09-25 18:31:24,0,0,"‚õîÔ∏è Aviso importante ‚ö†Ô∏è 

O estado da Para√≠ba informa a sua popula√ß√£o que decretou f√©rias coletivas aos v√≠rus do Covid 19 residentes nesta UF. Para os munic√≠pios com menos de 200 mil eleitores, eles retornar√£o as suas atividades a partir da data 16/11/2020."
1309561150242201603,2020-09-25 18:31:23,0,0,"Covid-19: Pandemia custou 2.521,7 ME ao Estado at√© agosto - DGO https://t.co/BBeUXRV7cz"
1309561133339217921,2020-09-25 18:31:19,0,0,"@psiucarolr Flamengo voltou mais cedo aos treinos, mas a palavra for√ßar √© choradeira, pois o flamengo n manda na CBF, clubes e federa√ß√µes. Quando o paulist√£o retornou no mesmo  dia em que o estado de SP bateu o recorde de mortes por covid n vi ningu√©m reclamando de nda."
1309561133012000769,2020-09-25 18:31:19,0,0,"@Arami20170077 1 - O Goi√°s teve um jogo anulado sim - https://t.co/XE0WBlI5l6

2 - N√£o h√° nada definido nas regras do brasileir√£o que defina isso.

3 - O jogo Palmeiras x Goi√°s deveria tamb√©m n√£o ter sido jogado, foi outro erro."
1309561130050781184,2020-09-25 18:31:18,0,0,raven reyes j√° teria achado a cura para o covid
1309561101252730882,2020-09-25 18:31:11,0,0,N√£o existem medicamentos para profilaxia de COVID-19. Mas j√° existem bancos para transfer√™ncias legais de dinheiro. #corruptosecanalhas
1309561093434552326,2020-09-25 18:31:09,1,0,"COVID  desaparece filho da puta, quero ir pra noite ver a Andreia a abanar a raba https://t.co/SQdeyrfiGd"
1309561080654573570,2020-09-25 18:31:06,0,0,N√£o tenho covid boy uhuh
1309561078125268992,2020-09-25 18:31:06,0,0,Paragua√ßu tem 12 pessoas confirmadas de COVID-19 em isolamento - https://t.co/HDdZDbz5Mq
1309561075948380160,2020-09-25 18:31:05,0,0,Paragua√ßu tem 12 pessoas confirmadas de COVID-19 em isolamento - https://t.co/yHjvxMJtvr
1309561075067744256,2020-09-25 18:31:05,0,0,N√£o vai ser dessa vez que o Covid vai me levar
1309561069082468353,2020-09-25 18:31:03,0,0,Confian√ßa tem mais seis atletas com Covid-19 e pede adiamento do jogo - https://t.co/wkqeRNRGl2 https://t.co/47cZpVabiX
1309561055694159873,2020-09-25 18:31:00,0,0,"@Azevedobd1 @AlanMacre @Palmeiras tinha 2 edi√ßoes nao podemos fazer nada e ganhamos, e agora o vasco todo desfalcado por causa da covid, ai vcs que tem o melhor elenco, temo que adiar por causa que tem infectado, ta com medinho"
1309561045703438336,2020-09-25 18:30:58,0,0,Medida provis√≥ria garante participa√ß√£o do Brasil em alian√ßa global por vacina contra¬†Covid-19 https://t.co/mIDeuIe7pG
1309561034978611200,2020-09-25 18:30:55,1,0,"O governo do estado de S√£o Paulo anunciou que j√° vai receber em outubro, 5 milh√µes de doses da Coronavac, contra Covid-19. A expectativa √© de que at√© dezembro S√£o Paulo tenha 46 milh√µes de doses.

Continue a leitura: https://t.co/1VWdDehQJ6

#deputadofederal #covid19 #vacina https://t.co/PC1NLrPxIF"
1309561017605779456,2020-09-25 18:30:51,1,0,"fiz o teste do covid, deu negativo e eu t√¥ muito aliviada mesmo que eu n√£o tivesse suspeita nenhuma"
1309561016330711048,2020-09-25 18:30:51,0,0,"""7 atores e personagens fict√≠cios que conseguiriam extinguir o COVID-19""  https://t.co/pQj8lV9xd0"
1309560987180306432,2020-09-25 18:30:44,0,0,"Querido diario Twitter, ligar para qse 20 pessoas informando q estou com covid √© mt doloroso. O medo de ter infectado alguem de forma inconsciente pesa sobre meus ombros."
1309560974022709250,2020-09-25 18:30:41,0,0,@pimpolhoc3p0 @Jackson45631587 @UOLEsporte Vasco 19jogadores Covid Atl√©tico Paranaense 11jogadores Covid Corinthians 23jogadores e teriam um cl√°ssico contra o Palmeiras paulista Atl√©tico Paranaense 11jogadores Covid
1309560924009828363,2020-09-25 18:30:29,0,0,"Brasil adere a alian√ßa mundial para acelera√ß√£o da vacina contra COVID-19
https://t.co/D6IELCX3Sw"
1309560922235719680,2020-09-25 18:30:28,24,2,dua lipa lan√ßando covid rules como se ela mesmo seguisse https://t.co/NQCmYrDCaT
1309560916237746176,2020-09-25 18:30:27,1,0,@feernandoaug @Recibo_CRF @centraldanacao Ah amigo! O cara colocar na chamada do programa se o surto de covid √© culpa do Dome? Tanta coisa p falar do Flamengo! Cr√≠ticas pertinentes a serem feitas nesse momento e o cara me coloca se o Dome tem culpa do surto? Vai me desculpar mas merece ser avacalhado mesmo! E t√° pouco!
1309560892783316994,2020-09-25 18:30:21,0,0,"vi que aparentemente vai ter rock in rio ano que vem e a √∫nica possibilidade de eu ir sem uma vacina √© se tiver um show do Ac dc 

eu pego covid com gosto"
1309560892753883137,2020-09-25 18:30:21,0,0,@neemiaslsousa fala que testou positivo pra covid
1309560890652594178,2020-09-25 18:30:21,1,0,Tava l√° no whats. Fui escrever Covid e o corretor mudou pra coc√¥. ü§∑üèª‚Äç‚ôÄÔ∏è
1309560868833812480,2020-09-25 18:30:16,0,0,"Nunca fiquei gritada assim... √© muito estranho. Se for COVID, √© muita diferen√ßa pra uma gripe normal pro COVID."
1309560858142441475,2020-09-25 18:30:13,0,0,Pessoal que n√£o entende ingl√™s... Diz aqui que o Covid-19 deu positivo ao teste de Zlatan Ibrahimovic. https://t.co/94RCRjj9xy
1309560857467248641,2020-09-25 18:30:13,0,0,@Re2cNog so escuto se for a formula da vacina pro covid
1309560849669984256,2020-09-25 18:30:11,0,0,"#clima #√âvora Um grupo de jovens concentrou-se hoje em √âvora, junto ao Templo Romano, para alertar para as consequ√™ncias das altera√ß√µes clim√°ticas e avisou que no futuro podem ser ""mais prejudiciais"" do que a pandemia de covid-19.Integrada https://t.co/25A4KKv6J9 https://t.co/B7GBAwfv18"
1309560835765829637,2020-09-25 18:30:08,0,0,Covid-19: Madeira com mais tr√™s doentes eleva para 208 os casos positivos https://t.co/hOra3vbS2g #paisaominuto
1309560809022988289,2020-09-25 18:30:01,2,1,Covid-19: Anvisa aprova amplia√ß√£o de testagem da vacina CoronaVac no Brasil https://t.co/Fgy4FxYoLc
1309560804077793286,2020-09-25 18:30:00,0,0,PONTEVEDRA.- O Concello aproba as bases da convocatoria de axudas para microempresas e aut√≥nomos pola #COVID19 https://t.co/bROJJT8ZMH
1309560803016814592,2020-09-25 18:30:00,7,1,TSE avalia impactos da pandemia de covid-19 nas Elei√ß√µes 2020 https://t.co/Q94w10xqEZ https://t.co/OAVQ2MCcjN
1309560802794524673,2020-09-25 18:30:00,2,1,"Gr√™mio divulga resultados negativos em nova rodada de testes para covid-19

https://t.co/KyoCtZmKIY"
1309560802303717384,2020-09-25 18:30:00,1,0,"Estrutura tinha sido montada em abril para atender os pacientes da covid-19; atendimento continuar√° sendo feito no pr√©dio que comp√µe a unidade

https://t.co/i0O80mixA1"
1309560801578094593,2020-09-25 18:30:00,0,0,"#Coronav√≠rus: Fran√ßa e Espanha enfrentam aumento de casos de Covid-19 e Europa v√™ novo recorde
https://t.co/xo9k2jpVmg"
1309560798667313157,2020-09-25 18:29:59,0,0,"@juce_m3817 Nao tinham mascara para enfrentar o covid, entao desistiram ..."
1309560771857321986,2020-09-25 18:29:53,0,0,"[25/9 15:27] : Minha preocupa√ß√£o n √© nem o Covid
[25/9 15:28] : √â ter q voltar a estudar contigo

Eu: Minha preocupa√ß√£o √© o Covid-19 e ter que voltar a estudar com voc√™s üôÑüò¥"
1309560732955168770,2020-09-25 18:29:43,2,0,e o medo de morrer achando que to com covid
1309560725841547264,2020-09-25 18:29:42,0,0,"Eu e L√©o fizemos teste pra covid hoje. No dele, deu que ele j√° teve. No meu, deu que nunca tive. Pode isso, Arnaldo?"
1309560708040986627,2020-09-25 18:29:37,0,0,@folha U√© ... mesmo com o feriad√£o??? Ou paulista vai pra Baixada Santista e deixa o Covid l√° e volta sem?
1309560706321260545,2020-09-25 18:29:37,0,0,"COVID 19

Reabertura imediata das escolas √© recusada por prefeitos do Norte de Minas https://t.co/S2mNshjsN1 
O novo coronav√≠rus em MG https://t.co/u1iIzh0ojX"
1309560692320722947,2020-09-25 18:29:34,0,0,"dia corrido da porra eu odeio sair de casa ainda mais nesse tempo horr√≠vel de covid s√©rio, que raiva"
1309560674356523013,2020-09-25 18:29:29,0,0,"@JovemPanNews https://t.co/CIsDaw5nFQ

Opa a grama do vizinho sempre queima mais que a nossa.. rsrs.."
1309560657654755328,2020-09-25 18:29:25,0,0,"Uma semana gripada, marquei o teste do covid pra semana que vem."
1309560654328668162,2020-09-25 18:29:25,0,0,@BolsonaroSP Espalhando covid nunca vi....s√≥ aqui mesmo afffff
1309560652722311168,2020-09-25 18:29:24,18,3,"- Morte de 140 mil brasileiros por Covid-19.
- 9 milh√µes de desempregados nos √∫ltimos 3 meses.
- Sal√°rio m√≠nimo sem aumento h√° 2 anos.
- Combust√≠vel, g√°s, arroz e carne car√≠ssimos.
- Infla√ß√£o, queda do PIB.
- Queimadas recorde no Pantanal e Amaz√¥nia
...
Adivinha quem conseguiu: https://t.co/IJnUyqHAgH"
1309560619687915522,2020-09-25 18:29:16,0,0,minha m√£e t√° com covid :/
1309560594752835585,2020-09-25 18:29:10,0,0,"- Henrique Prata, diretor do Hospital do Amor de Barretos, recomenda a Cloroquina para o tratamento da Covid-19.

. No YouTube: https://t.co/0aR03UVICC https://t.co/iLDUSZEqPV via @FacebookWatch"
1309560564595732482,2020-09-25 18:29:03,0,0,"A sorte do palmeiras √© que o Flamengo t√° com um monte de jogador com COVID e lesionado, se n√£o iam tomar um sacode igual ano passado. 

No Maracan√£: Flamengo 3 X 0 Palmeiras 

No Allianz parque: Palmeiras 1 x 3 Flamengo. ( Flamengo j√° campe√£o )"
1309560561647132674,2020-09-25 18:29:03,1,0,"Uma das minhas amigas teve contato com uma pessoa com covid e agora t√° com o cu na m√£o, respeitar o distanciamento n√£o quis por√©m espero que ela n√£o teste positivo"
1309560559646445570,2020-09-25 18:29:02,0,0,depress√£o ou covid
1309560500854849536,2020-09-25 18:28:48,0,0,e vamos de COVID
1309560497889595392,2020-09-25 18:28:47,1,0,"@joliedocerrado N√£o. Fomos liberados algumas semanas no in√≠cio da pandemia. Em maio, fomos voltando as atividades presenciais. Hoje, nunca nem vi Covid."
1309560494089539584,2020-09-25 18:28:46,0,0,"""Governo planeja 'Dia D' contra a Covid-19 com rem√©dios sem efic√°cia comprovada cientificamente""  https://t.co/bWm7IrgRJY"
1309560484333604866,2020-09-25 18:28:44,0,0,Sergipe registra 251 novos casos de Covid-19 e mais cinco mortes que estavam em investiga√ß√£o https://t.co/7I2jaHtI0L
1309560466293829632,2020-09-25 18:28:40,0,0,@o_antagonista Ningu√©m vai elogiar Covas e D√≥ria pelo trabalho no enfrentamento √† Covid?
1309560441962663936,2020-09-25 18:28:34,0,0,@TaschnerNatalia Absurdo! Brincando com a sa√∫de da popula√ß√£o e ignorando a dor das fam√≠lias que j√° perderam algu√©m pra covid.
1309560441765588993,2020-09-25 18:28:34,0,0,@yoonIuvie que mentirosa eu achei que vc tava com covid super preocupada e vc me respondeu dias depois !!!
1309560435394445312,2020-09-25 18:28:32,0,0,@edumaggii trancado com covid
1309560389810741248,2020-09-25 18:28:22,9,0,"@ESPNBrasil @FoxSportsBrasil Engra√ßado que para o Goi√°s n√£o vi isso e tiveram que jogar 
https://t.co/ZbmtRLPAIU

Mas o queridinho da m√≠dia n√£o pode"
1309560373079691264,2020-09-25 18:28:18,0,0,"@tatarmcf muita gente se fazendo de imbecil aqui kkkkkkkkkkkkk nenhum clube foge da culpa, poderia ser qualquer outro tendo surto de covid eh muito √≥bvio"
1309560364363927556,2020-09-25 18:28:15,0,0,"Covid-19: Reino Unido regista novo recorde di√°rio com 6.874 casos
https://t.co/J7l8FQapDo"
1309560347611652096,2020-09-25 18:28:11,0,0,M√©dico Jorge Eli Theisen apresenta melhora e se recupera bem da Covid-19.  https://t.co/SsZiUkX1co via @clic_soledade
1309560346588450817,2020-09-25 18:28:11,0,0,"Um medicamento em estudo para Covid-19 chamado ABX464 est√° sendo testado em participantes com fatores de risco. Uma c√°psula do medicamento em estudo deve ser tomada oralmente, em casa, uma vez por dia, durante 28 dias. Saiba mais: https://t.co/FQNp6a2JRl #Pesquisa #EstudoClinico"
