id,postado_em:,numero_de_favoritos,numero_de_retweets,texto
1311396978350268416,2020-09-30 20:06:18,68,6,"Pela 2¬™ vez, dados do IJSN mostram que o ES alcan√ßou em agosto 6.166 empregos formais. Foram 24.463 admiss√µes e 18.297 desligamentos. O indicador √© resultado da nossa gest√£o de risco na pandemia. Avan√ßamos, de forma respons√°vel, com plano de conviv√™ncia no momento adequado."
1311243779874136064,2020-09-30 09:57:33,63,7,"Hoje, lan√ßaremos o cadastro na Lei Aldir Blanc, no ES. Com aporte de R$ 30 milh√µes, o objetivo √© promover a√ß√µes para garantir uma renda emergencial para trabalhadores da Cultura e espa√ßos culturais durante o per√≠odo da pandemia. Cerca de 7 mil pessoas ser√£o beneficiadas. https://t.co/8f4bV7hoSk"
1309853592044658688,2020-09-26 13:53:26,191,14,Entregamos hoje mais 40 leitos de UTI no hospital Dorio Silva. Antes da pandemia o hospital tinha 165 leitos. Agora temos 229 e desses 94 s√£o de UTI. Legado permanente que estamos deixando para os capixabas. #otrabalhonaopara https://t.co/tuhjS2pNfA
1307267365206401024,2020-09-19 10:36:42,321,28,"Estamos vencendo a Covid! O novo mapa de risco que entra em vigor nesta segunda (21) traz 75 cidades em risco baixo e 3 em risco moderado. √â importante seguirmos os protocolos de sa√∫de, pois a pandemia n√£o acabou. https://t.co/0O16kMcUmC"
1304151384271589376,2020-09-10 20:14:54,66,7,"O com√©rcio varejista no Esp√≠rito Santo cresceu 8,7% em julho de 2020 comparado com julho de 2019. Um desempenho superior √† m√©dia brasileira, que √© de 5,5%. Resultado do trabalho respons√°vel e equilibrado da gest√£o de risco da pandemia no ES. Fonte: Dados do IBGE. https://t.co/cMwG2iopjV"
1299677197779849216,2020-08-29 11:56:05,111,28,"A nova Matriz de Conviv√™ncia com a pandemia entra em vigor nesta segunda, assim como o novo Mapa de Risco. 2 munic√≠pios est√£o em risco alto (S Mateus e Piuma), 51 no moderado e 25 no baixo. O ES segue em queda nos √≥bitos e precisamos seguir os protocolos para zerar esse n√∫mero. https://t.co/fyST2C7Up3"
1286310256327483392,2020-07-23 14:40:38,24,1,"@JMarcosSeidel E desde quando a aus√™ncia de comorbidade garantiu a sobreviv√™ncia √† doen√ßa? Quem faz uso politiqueiro da pandemia √© quem se disfar√ßa na ignor√¢ncia para atacar a ci√™ncia e as autoridades sanit√°rias. E esse, n√£o sou eu."
1286244442400268288,2020-07-23 10:19:06,354,18,Recebo com muita tristeza a not√≠cia do falecimento do Prefeito Paulo M√°rcio. Mais uma vida interrompida pelo coronav√≠rus. Desejo que seus familiares e amigos encontrem em Deus o conforto diante deste momento de tamanha dor.
1282737737494417408,2020-07-13 18:04:43,138,14,"Para amenizar os efeitos econ√¥micos causados pela pandemia, o @Banestes_SA j√° concedeu mais de R$ 200 milh√µes em novos cr√©ditos e cerca de R$ 567 milh√µes em reparcelamentos. Um importante instrumento para estimular a recupera√ß√£o mais acelerada dos que est√£o sendo mais afetados."
1280504218374283264,2020-07-07 14:09:30,114,14,"Em uma semana em que um morador de rua foi brutalmente queimado e perdeu a vida, estamos dando sinal claro de apoio a popula√ß√£o em situa√ß√£o de rua atrav√©s do repasse de um milh√£o de reais para V.Velha, Cariacica e Cachoeiro para acolhimento a essa popula√ß√£o no per√≠odo da pandemia https://t.co/nKtckLy0iZ"
1280300613751001091,2020-07-07 00:40:27,107,7,"Mesmo com a√ß√µes voltadas prioritariamente para a gest√£o da pandemia da Covid 19, estamos executando diversas obras de reconstru√ß√£o dos munic√≠pios que foram atingidos pelas chuvas do in√≠cio do ano. Esse v√≠deo mostra uma das a√ß√µes na rodovia Iconha-Vargem Alta. https://t.co/x4cxg4v84t"
1276524398221148160,2020-06-26 14:35:07,57,1,Participo de audi√™ncia p√∫blica promovida pelo Minist√©rio P√∫blico onde est√° sendo debatido Pacto Social. Todos devemos dar nossa contribui√ß√£o no enfrentamento √† pandemia. Responsabilidade individual com o isolamento/distanciamento social para um resultado coletivo que salva vidas. https://t.co/z7iMJZWPQf
1273968359911153666,2020-06-19 13:18:20,3,0,"@SalesAgamenon Bom dia! Para enfrentar a Covid-19, optamos pela amplia√ß√£o de hospitais pr√≥prios e filantr√≥picos. Isso deixar√° um legado de leitos equipados p√≥s-pandemia. Os hospitais de campanha, que n√£o descartamos, s√£o solu√ß√µes tempor√°rias. O que j√° abrimos equivale a 13 hospitais de campanha"
1273274907019956224,2020-06-17 15:22:48,9,1,"@GilvanP24195761 Optamos pela amplia√ß√£o dos hospitais pr√≥prios e filantr√≥picos porque isso deixar√° um legado de leitos equipados p√≥s-pandemia. Os hospitais de campanha, que n√£o descartamos, s√£o solu√ß√µes tempor√°rias."
1273272057900478464,2020-06-17 15:11:29,13,0,"@olhaoalho Para enfrentar a Covid-19, optamos pela amplia√ß√£o dos hospitais pr√≥prios e filantr√≥picos. Isso deixar√° um legado de leitos equipados p√≥s-pandemia. Os hospitais de campanha, que n√£o descartamos, s√£o solu√ß√µes tempor√°rias. O que j√° abrimos equivale a 13 hospitais de campanha."
1272570016865665027,2020-06-15 16:41:49,400,32,"Para enfrentar covid, optamos pela amplia√ß√£o dos hospitais pr√≥prios/filantr√≥picos. Isso deixar√° um legado de leitos equipados p√≥s pandemia. Os hospitais de campanha, que n√£o descartamos, s√£o solu√ß√µes tempor√°rias. Ja abrimos 1305 leitos o que equivale a 13 hospitais de campanha."
1272570016865665027,2020-06-15 16:41:49,400,32,"Para enfrentar covid, optamos pela amplia√ß√£o dos hospitais pr√≥prios/filantr√≥picos. Isso deixar√° um legado de leitos equipados p√≥s pandemia. Os hospitais de campanha, que n√£o descartamos, s√£o solu√ß√µes tempor√°rias. Ja abrimos 1305 leitos o que equivale a 13 hospitais de campanha."
1271748078299725824,2020-06-13 10:15:44,223,18,"Na 3¬™ fase do inqu√©rito sorol√≥gico ficou constatado que 295773 capixabas j√° tiveram contato com o coronav√≠rus. Na primeira fase 84391 capixabas tinham tido contato com o v√≠rus e na segunda fase, 206559. Detalhes na entrevista coletiva on-line, pela SESA √†s 9:00h neste s√°bado."
1265260258462699520,2020-05-26 12:35:27,169,7,"O Banestes tamb√©m est√° inovando para conviver com a pandemia. Hoje, o encontro dos diretores com os Banestianos de todo o Estado foi por videoconfer√™ncia, com mais de mil colaboradores. Eu fiz quest√£o de participar. Mais do que nunca, estamos ‚ÄúJuntos e Conectados‚Äù. https://t.co/5yCIReYdMc"
1265231746011971586,2020-05-26 10:42:09,1674,22,"Desde in√≠cio da pandemia, na fun√ß√£o de governador, tenho recebido muita energia positiva para as atitudes que estamos tomando. Agora, no desafio pessoal que eu e Virg√≠nia estamos enfrentando, as manifesta√ß√µes de carinho e ora√ß√µes est√£o redobradas. Deus aben√ßoe! Muito obrigado!"
1263556735194849282,2020-05-21 19:46:16,151,10,"Lan√ßamos hoje a consulta ao √≠ndice di√°rio de isolamento, em parceria com as operadoras de telefonia, dentro do Painel Covid-19. Mais uma ferramenta para ampliar a transpar√™ncia neste momento de conviv√™ncia com o coronav√≠rus. Conhe√ßa: https://t.co/7qrni05KHU."
1263444349435731969,2020-05-21 12:19:41,385,46,"ü•áMais uma vez, o ES √© CAMPE√ÉO em transpar√™ncia. Desta vez, o 1¬∞ lugar √© no ranking da transpar√™ncias dos estados nas contrata√ß√µes emergenciais durante a pandemia da Covid-19, feito pela Transpar√™ncia Internacional. https://t.co/fiJCJHbQ4q"
1263404631515975681,2020-05-21 09:41:51,571,59,"ü•áMais uma vez o ES √© campe√£o em transpar√™ncia. Desta vez o 1¬∞ lugar no √© Ranking da transpar√™ncia dos estados nas contrata√ß√µes emergenciais durante a pandemia da Covid-19, feito pela Transpar√™ncia Internacional. √â com trabalho que superaremos sempre a mentira. https://t.co/OunQbUz5Ge"
1262738907294244864,2020-05-19 13:36:30,181,10,"Apresentamos aos prefeitos nesta manh√£ a nova matriz de risco para o plano de conviv√™ncia com o coronav√≠rus, levando em considera√ß√£o: coeficiente de incid√™ncia, letalidade, √≠ndice de isolamento e percentual de pessoas acima de 60 anos, sempre vinculado √† ocupa√ß√£o de leitos de UTI https://t.co/r6bVpMhxZ9"
1261318665779187716,2020-05-15 15:32:58,1876,393,"A sa√≠da de mais um ministro da sa√∫de em meio a pandemia, mostra como estamos √† deriva no enfrentamento √† crise por parte do governo federal. Ou o PR deixa o minist√©rio agir, segundo as orienta√ß√µes da OMS ou vamos perder cada vez mais brasileiros."
1260935253226663936,2020-05-14 14:09:26,617,58,"O di√°logo sincero √© o √∫nico caminho para, prioritariamente, preservarmos vidas e tamb√©m empregos. Alimentar o enfrentamento, como tem feito o presidente Bolsonaro, dificulta ainda mais o trabalho durante esta pandemia."
1260642205951295491,2020-05-13 18:44:58,108,4,"Estamos nos adaptando para conviver com a pandemia e hoje demos mais um passo: assinamos a primeira Ordem de Servi√ßo atrav√©s de videoconfer√™ncia. Ser√° a reconstru√ß√£o da Escola Paulo Jacob, em Santa Leopoldina. Assim, vamos criando caminhos para superar juntos este momento. https://t.co/4Kft2L8MoQ"
1260264765420711943,2020-05-12 17:45:09,195,6,"O primeiro dia do plano de conviv√™ncia com a pandemia demonstra que estamos no caminho certo. Ontem, tivemos 47,6% de isolamento, enquanto, h√° uma semana, eram 46,3. Se cada um fizer a sua parte, conseguiremos juntos salvar vidas e manter algumas atividades econ√¥micas. https://t.co/Oh5yBwncII"
1259805331628216320,2020-05-11 11:19:31,157,4,"Hoje, a reuni√£o da coordena√ß√£o das a√ß√µes do programa #EstadoPresente acontece virtualmente. Precisamos nos adaptar a esse momento de pandemia e continuar as a√ß√µes que levar√£o mais seguran√ßa e ir√£o melhorar cada dia mais a qualidade de vida das pessoas. https://t.co/0bxatksI23"
1258013108683055105,2020-05-06 12:37:52,207,9,"Na crise √© importante que lideran√ßas estejam alinhadas no intuito de reduzir os impactos na vida de todos. Por isso, me reuni com a A. das C√¢maras Municipais de Vereadores do ES para dialogar sobre as as a√ß√µes do Governo diante do novo coronav√≠rus e a parceria deles neste momento https://t.co/78bclS2l2I"
1257381851267772416,2020-05-04 18:49:29,280,23,Os 50 mil testes PCR comprados na China para investigar pessoas com sintomas da Covid 19 foram entregues hoje no nosso laborat√≥rio Central-Lacen. #todoscontraocoronavirus #fiqueemcasa #usem√°scara https://t.co/VDPcf07tjn
1257045136044961794,2020-05-03 20:31:29,564,53,"Amanh√£, segunda-feira, vamos iniciar a distribui√ß√£o de um milh√£o de m√°scaras nos terminais do sistema de transporte coletivo-TRANSCOL. O terminal de Campo Grande ser√° o primeiro a receber as m√°scaras. O uso das m√°scaras protege contra o coronav√≠rus. #todoscontraocoronavirus"
1255872276475580417,2020-04-30 14:50:58,283,16,"Estamos reunidos com o ministro da Sa√∫de, Nelson Teich, e os governadores do Sudeste para tratar das prioridades dos estados nessa luta contra a pandemia do coronav√≠rus. √â importante que as a√ß√µes sejam coordenadas nesse momento cr√≠tico que vivemos em nosso Pa√≠s. https://t.co/GbwdnIIUgl"
1255872276475580417,2020-04-30 14:50:58,283,16,"Estamos reunidos com o ministro da Sa√∫de, Nelson Teich, e os governadores do Sudeste para tratar das prioridades dos estados nessa luta contra a pandemia do coronav√≠rus. √â importante que as a√ß√µes sejam coordenadas nesse momento cr√≠tico que vivemos em nosso Pa√≠s. https://t.co/GbwdnIIUgl"
1255532641929101314,2020-04-29 16:21:23,325,20,"Recebemos hoje 1,5 milh√£o de m√°scaras de uso hospitalar compradas na China. Esse material vai ajudar a proteger os profissionais de sa√∫de no enfrentamento ao coronav√≠rus. #todoscontraocoronavirus https://t.co/ZUXR4v6SKk"
1255456921160757254,2020-04-29 11:20:29,1274,148,"O que devemos fazer em √©poca de pandemia √© dar nossa contribui√ß√£o para ampliar o isolamento social. Se for necess√°rio sair para uma a√ß√£o essencial, vamos manter o distanciamento, usar m√°scara e adotar procedimentos de higiene. N√£o precisamos de milagre, precisamos de atitude."
1255075641176788993,2020-04-28 10:05:25,152,8,Mesmo com a pandemia estamos fazendo aquilo que √© essencial nas nossas rodovias. Mas o pedido continua: fique em casa. #todoscontraocoronavirus https://t.co/eg5mAEWMIx
1255075641176788993,2020-04-28 10:05:25,152,8,Mesmo com a pandemia estamos fazendo aquilo que √© essencial nas nossas rodovias. Mas o pedido continua: fique em casa. #todoscontraocoronavirus https://t.co/eg5mAEWMIx
1254879061907853313,2020-04-27 21:04:17,239,16,"Hoje chegaram 273 caixas totalizando 26208 testes de RT-PCR para Covid 19, dos 30 mil adquiridos por n√≥s de uma empresa do Paran√°.    #todoscontraocoronavirus #fiqueemcasa https://t.co/O5eAb84zkt"
1254869842823458818,2020-04-27 20:27:39,126,9,"Nosso trabalho est√° focado no enfrentamento ao coronav√≠rus, mas diversas atividades essenciais continuam sendo desenvolvidas como o servi√ßo de conserva das rodovias. Nosso trabalho continua, mas o pedido √© que voc√™ fique em casa. #FiqueEmCasa https://t.co/GBH5huiAPN"
1253704325030912000,2020-04-24 15:16:18,723,54,"Sa√≠da de @SF_Moro do MJ agrava muito a crise interna do gov Bolsonaro. A permanente instab. pol√≠tica mesmo em meio a pandemia fragiliza as institui√ß√µes dem. e mant√©m a angustia dos brasileiros. Gov Bolsonaro perde seu maior selo de qualidade. A S. Moro, obrigado pelo apoio ao ES."
1252357210719481871,2020-04-20 22:03:21,146,7,"Hoje √† tarde, participei de uma entrevista ao vivo na #CNN, falando sobre o nosso trabalho para conter o coronav√≠rus. Compartilho aqui um pouco do que conversamos: https://t.co/joMYSOrHv9"
1251995125812809734,2020-04-19 22:04:33,1105,57,"Hj realizei o teste para coronav√≠rus e conforme laudo do LACEN o resultado foi NEGATIVO. Imposs√≠vel negar a apreens√£o. Continuamos trabalhando  neste momento de pandemia, adotando  os cuidados necess√°rios para preven√ß√£o e pedindo que todos possam colaborar com o Isolamento social https://t.co/Po6v2aW3RG"
1251995125812809734,2020-04-19 22:04:33,1105,57,"Hj realizei o teste para coronav√≠rus e conforme laudo do LACEN o resultado foi NEGATIVO. Imposs√≠vel negar a apreens√£o. Continuamos trabalhando  neste momento de pandemia, adotando  os cuidados necess√°rios para preven√ß√£o e pedindo que todos possam colaborar com o Isolamento social https://t.co/Po6v2aW3RG"
1251908572235038720,2020-04-19 16:20:37,1035,61,"Cumprindo o que orientam os profissionais da sa√∫de, informo que a esposa do meu motorista √© servidora de um hospital e testou positivo para coronav√≠rus. Ele fez o exame e tamb√©m confirmou. Portanto, pela proximidade, tomei a decis√£o de coletar amostra hoje para realizar o teste."
1249662495209422848,2020-04-13 11:35:31,126,6,"Realizamos a reuni√£o estrat√©gica do programa Estado Presente em um formato diferente, com numero reduzido de participante e respeitando o distanciamento de seguran√ßa em virtude da pandemia do #Covid19 Nosso foco √© avaliar e ampliar a√ß√µes para melhoria da seguran√ßa publica no ES. https://t.co/XfWuVcw6lB"
1247993970380230657,2020-04-08 21:05:23,2,0,"@Deboracarsal Renegocia√ß√£o de cr√©dito rural concedido pelo Banestes: SIM

Prorroga√ß√£o de prazo para entrega de Escritura√ß√£o Fiscal Digital: SIM

Prorroga√ß√£o de prazo para atualiza√ß√£o cadastral no COMPETE-ES: SIM

Cria√ß√£o da Sala de Situa√ß√£o para acompanhamento da pandemia do coronav√≠rus: SIM"
1247993970380230657,2020-04-08 21:05:23,2,0,"@Deboracarsal Renegocia√ß√£o de cr√©dito rural concedido pelo Banestes: SIM

Prorroga√ß√£o de prazo para entrega de Escritura√ß√£o Fiscal Digital: SIM

Prorroga√ß√£o de prazo para atualiza√ß√£o cadastral no COMPETE-ES: SIM

Cria√ß√£o da Sala de Situa√ß√£o para acompanhamento da pandemia do coronav√≠rus: SIM"
1246578802538557441,2020-04-04 23:22:01,340,51,Hoje foram 13 novos casos positivos para coronav√≠rus. Importante manter o distanciamento entre as pessoas e o isolamento das pessoas dos grupos de risco. Assim poderemos enfrentar essa crise de forma organizada. ‚ÄúGuerra avisada n√£o mata soldado‚Äù. #FiquemEmCasa #vidasqueimportam https://t.co/cyx0Y2tAA4
1246476197871132672,2020-04-04 16:34:18,115,12,"MAIS LEITOS DE UTI PARA COVID 19
Temos 13 leitos de UTI preparados e chegaremos a 37 na Santa Casa de Miseric√≥rdia de Cachoeiro de Itapemirim para acolhimento das pessoas com coronav√≠rus.
Vamos ‚Äújuntos‚Äù manter o ‚Äúisolamento‚Äù.
#vidasqueimportam https://t.co/aFvzozoaek"
1246029367718940673,2020-04-03 10:58:46,214,58,"Quer contribuir com quem sofre mais com a crise do coronav√≠rus?
Cesta b√°sica, kit‚Äôs higiene e limpeza podem ser entregues em qualquer das 17 unidades do Corpo de Bombeiros. Se for uma doa√ß√£o em dinheiro √© s√≥ acessar os sites: https://t.co/M9QKBqGc3x ou https://t.co/w1rPoCsirl#"
1245870340288307202,2020-04-03 00:26:50,543,99,"ES SOLID√ÅRIO.                                     A partir de amanh√£ as 17 bases operacionais do Corpo de Bombeiros receber√£o cesta b√°sica, kit higiene e kit limpeza que ser√£o entregues as pessoas mais vulner√°veis atingidas pelo coronav√≠rus. #ESsolid√°rio"
1245677723181252609,2020-04-02 11:41:27,3487,814,"√â com pesar que informamos que o ES registrou o primeiro √≥bito por coronav√≠rus, nesta manh√£. O paciente estava internado no Hospital Jayme Santos Neves e tinha 57 anos. √Äs 10 horas, o Secret√°rio de Estado de Sa√∫de dar√° uma entrevista coletiva para passar mais informa√ß√µes."
1245449638171365376,2020-04-01 20:35:07,1692,318,"Estamos prorrogando at√© 12 de abril o decreto que determina o fechamento de Shoppings Centers. Estendemos essa medida devido ao avan√ßo de casos de coronav√≠rus no ES. Neste momento, o distanciamento social √© a forma mais eficaz para previnir a propaga√ß√£o do v√≠rus."
1245099982056816654,2020-03-31 21:25:43,528,129,"A Secretaria de Estado de Sa√∫de atualizou para 96 o n√∫mero de casos confirmados de #coronav√≠rus #Covid19, no ES. Hoje, foram 11 testes positivos: 1 em Alto Rio Novo, 1 em Guarapari, 2 em Cariacica, 4 em Vila Velha, 2 Vit√≥ria e 1 em Serra."
1244375404812668930,2020-03-29 21:26:30,1173,288,"Subiu para 72 o n√∫mero de casos confirmados de coronav√≠rus no ES. Neste domingo, foram 11 testes positivos: 4 em Vila Velha, 4 na Serra, 1 em Vit√≥ria, 1 em S√£o Mateus e 1 em Cariacica. Temos 1016 casos em investiga√ß√£o."
1244306569233342469,2020-03-29 16:52:58,1159,138,"Recebemos 37 mil litros de √°lcool 70%, da Uni√£o da Ind√∫stria de Cana de A√ß√∫car (Unica). O √°lcool foi envasado pela empresa capixaba Penedo e est√° sendo enviado aos hospitais p√∫blicos e filantr√≥picos para auxiliar neste momento de combate ao coronav√≠rus. Nosso muito obrigado. https://t.co/K98CPnEY4Q"
1243658814198550537,2020-03-27 21:59:02,563,89,"Hoje, o n√∫mero total de casos confirmados de coronav√≠rus no ES chegou a 54. Dos 6 novos registros, 2 s√£o de Vila Velha, 1 Vit√≥ria, 1 Linhares, 1 Serra e 1, em S√£o Roque do Cana√£. 1105 casos est√£o em investiga√ß√£o."
1243300121758044162,2020-03-26 22:13:43,1120,254,"Hoje, a Secretaria de Estado de Sa√∫de registou mais 8 casos de coronav√≠rus no ES: 2 em Vit√≥ria, 3 Vila Velha, 2 Serra e 1 em Castelo. Agora, s√£o 48 confirmados e 1039 em investiga√ß√£o."
1242565894380949508,2020-03-24 21:36:09,18,0,"@f_ferraz Amigo, em parceria com o Bandes e o Banestes, estamos estudando e apresentando as melhores medidas de suporte econ√¥mico para o controle do impacto negativo causado pela pandemia do novo Coronav√≠rus. Diariamente, anunciaremos novas medidas no boletim."
1242497604589584387,2020-03-24 17:04:48,189,20,"Encaminho, neste momento, para a Assembleia Legislativa a mensagem solicitando a decreta√ß√£o de Estado de Calamidade P√∫blica e mais tr√™s projetos que nos dar√£o suporte para ampliar as a√ß√µes de preven√ß√£o e combate √† pandemia do #Covid19 #Coronav√≠rus https://t.co/gh1RZpywQB"
1241828820254105601,2020-03-22 20:47:17,344,28,"Enviarei para Assembleia Legislativa, nesta semana, a mensagem solicitando a decreta√ß√£o de Estado de Calamidade P√∫blica no ES em virtude do #Coronav√≠rus #covid19. Nosso objetivo √© agilizar ainda mais e ampliar as a√ß√µes administrativas no enfrentamento √† pandemia."
1241828820254105601,2020-03-22 20:47:17,344,28,"Enviarei para Assembleia Legislativa, nesta semana, a mensagem solicitando a decreta√ß√£o de Estado de Calamidade P√∫blica no ES em virtude do #Coronav√≠rus #covid19. Nosso objetivo √© agilizar ainda mais e ampliar as a√ß√µes administrativas no enfrentamento √† pandemia."
1241720976003477506,2020-03-22 13:38:45,381,23,"A pandemia do coronav√≠rus quase nos faz esquecer do dia mundial da √°gua. Mas nessa crise, onde ficamos em isolamento, √© que sabemos ainda mais a import√¢ncia da √°gua com qualidade e quantidade para todos os procedimentos de higiene que impede o cont√°gio. Uso racional √© fundamental"
1241720976003477506,2020-03-22 13:38:45,381,23,"A pandemia do coronav√≠rus quase nos faz esquecer do dia mundial da √°gua. Mas nessa crise, onde ficamos em isolamento, √© que sabemos ainda mais a import√¢ncia da √°gua com qualidade e quantidade para todos os procedimentos de higiene que impede o cont√°gio. Uso racional √© fundamental"
1240356217140232193,2020-03-18 19:15:41,64,7,"Entre as medidas adotadas pelo Detran diante do #Covid19 #coronavirus, est√° a implanta√ß√£o do novo certificado de registro e licenciamento de ve√≠culo e a impress√£o pelo site, evitando que o condutor precise se deslocar at√© a ag√™ncia. Veja outras medidas:"
1240349313370329100,2020-03-18 18:48:15,31,2,"Em instantes anunciaremos as a√ß√µes referente aos servi√ßos do Detran, diante da Pandemia do #coronavirus #COVID19. Confira ao vivo em: https://t.co/1a0j1Sbcgb"
1239974825591853059,2020-03-17 18:00:10,40,5,Estamos reunidos com os Hospitais Filantr√≥picos. Nosso objetivo √© avaliar e captar sugest√µes para o fortalecimento do plano de conting√™ncia ao #coronavirus #covid-19. https://t.co/GIqr5WpNX4
1239974825591853059,2020-03-17 18:00:10,40,5,Estamos reunidos com os Hospitais Filantr√≥picos. Nosso objetivo √© avaliar e captar sugest√µes para o fortalecimento do plano de conting√™ncia ao #coronavirus #covid-19. https://t.co/GIqr5WpNX4
1239652484794245122,2020-03-16 20:39:18,1901,650,"Em reuni√£o com a sala de situa√ß√£o de emerg√™ncia, diante das a√ß√µes para preven√ß√£o ao coronav√≠rus decidimos pela suspens√£o das aulas a partir de amanh√£. As Escolas permanecem abertas at√© na sexta (20) para adequa√ß√£o. Segunda (23) anteciparemos 15 dias das f√©rias de Julho."
1239522892238532608,2020-03-16 12:04:21,53,5,"A conscientiza√ß√£o sobre os cuidados para preven√ß√£o ao Coronav√≠rus passa por todas as idades. Os alunos da EEEFM Laranjeiras, na Serra, j√° deram conta da li√ß√£o. No mural da escola est√£o expostos os principais cuidados para este momento de pandemia. #Coronavius #Covid_19 https://t.co/eJ4nM2CPzB"
1239358946428715008,2020-03-16 01:12:53,209,24,"Amanh√£, segunda, receberei os chefes dos poderes e institui√ß√µes para debater e definir medidas conjuntas do servi√ßo p√∫bico para preven√ß√£o ao coronav√≠rus."
1238973966607364096,2020-03-14 23:43:07,247,58,"Com o primeiro caso de coronav√≠rus com transmiss√£o local no ES recomenda-se restri√ß√£o de contato social para idosos e pacientes com doen√ßas cr√¥nicas (viagens, cinema, shoppings, shows e locais com aglomera√ß√£o) e vacinar-se contra influenza. Preven√ß√£o √© a melhor atitude."
